2026-08-26T09:05:15.819Z\nPrismaClientKnownRequestError: 
Invalid `tx.professionalSkill.upsert()` invocation in
C:\Users\Prince\Desktop\Provia\Provia\my-app\.next\dev\server\chunks\[root-of-the-server]__1gps0sr._.js:252:44

  249     }
  250 });
  251 for (const item of data.skills){
→ 252     await tx.professionalSkill.upsert(
Transaction API error: Transaction not found. Transaction ID is invalid, refers to an old closed transaction Prisma doesn't have information about anymore, or was obtained before disconnecting.
    at $n.handleRequestError (C:\Users\Prince\Desktop\Provia\Provia\my-app\node_modules\@prisma\client\runtime\library.js:121:7315)
    at $n.handleAndLogRequestError (C:\Users\Prince\Desktop\Provia\Provia\my-app\node_modules\@prisma\client\runtime\library.js:121:6623)
    at $n.request (C:\Users\Prince\Desktop\Provia\Provia\my-app\node_modules\@prisma\client\runtime\library.js:121:6307)
    at async l (C:\Users\Prince\Desktop\Provia\Provia\my-app\node_modules\@prisma\client\runtime\library.js:130:9633)
    at async C:\Users\Prince\Desktop\Provia\Provia\my-app\.next\dev\server\chunks\[root-of-the-server]__1gps0sr._.js:252:17
    at async Proxy._transactionWithCallback (C:\Users\Prince\Desktop\Provia\Provia\my-app\node_modules\@prisma\client\runtime\library.js:130:8000)
    at async C:\Users\Prince\Desktop\Provia\Provia\my-app\.next\dev\server\chunks\[root-of-the-server]__1gps0sr._.js:155:5
    at async eval (file:///C:/Users/Prince/Desktop/Provia/Provia/my-app/.next/dev/server/chunks/%5Broot-of-the-server%5D__0ufdgjs._.js?id=%5Bproject%5D/lib/api-handler.ts+%5Bapp-route%5D+(ecmascript):25:30)
    at async AppRouteRouteModule.do (C:\Users\Prince\Desktop\Provia\Provia\my-app\node_modules\next\dist\compiled\next-server\app-route-turbo.runtime.dev.js:5:42793)
    at async AppRouteRouteModule.handle (C:\Users\Prince\Desktop\Provia\Provia\my-app\node_modules\next\dist\compiled\next-server\app-route-turbo.runtime.dev.js:5:50547)
    at async responseGenerator (C:\Users\Prince\Desktop\Provia\Provia\my-app\.next\dev\server\chunks\node_modules_next_0l_kyvn._.js:4709:30)
    at async AppRouteRouteModule.handleResponse (C:\Users\Prince\Desktop\Provia\Provia\my-app\node_modules\next\dist\compiled\next-server\app-route-turbo.runtime.dev.js:1:250160)
    at async handleResponse (C:\Users\Prince\Desktop\Provia\Provia\my-app\.next\dev\server\chunks\node_modules_next_0l_kyvn._.js:4781:32)
    at async Module.handler (C:\Users\Prince\Desktop\Provia\Provia\my-app\.next\dev\server\chunks\node_modules_next_0l_kyvn._.js:4901:9)
    at async DevServer.renderToResponseWithComponentsImpl (C:\Users\Prince\Desktop\Provia\Provia\my-app\node_modules\next\dist\server\base-server.js:1537:9)
    at async DevServer.renderPageComponent (C:\Users\Prince\Desktop\Provia\Provia\my-app\node_modules\next\dist\server\base-server.js:1589:24)
    at async DevServer.renderToResponseImpl (C:\Users\Prince\Desktop\Provia\Provia\my-app\node_modules\next\dist\server\base-server.js:1639:32)
    at async DevServer.pipeImpl (C:\Users\Prince\Desktop\Provia\Provia\my-app\node_modules\next\dist\server\base-server.js:1088:25)
    at async NextNodeServer.handleCatchallRenderRequest (C:\Users\Prince\Desktop\Provia\Provia\my-app\node_modules\next\dist\server\next-server.js:338:17)
    at async DevServer.handleRequestImpl (C:\Users\Prince\Desktop\Provia\Provia\my-app\node_modules\next\dist\server\base-server.js:979:17)
    at async C:\Users\Prince\Desktop\Provia\Provia\my-app\node_modules\next\dist\server\dev\next-dev-server.js:426:20
    at async Span.traceAsyncFn (C:\Users\Prince\Desktop\Provia\Provia\my-app\node_modules\next\dist\trace\trace.js:164:20)
    at async DevServer.handleRequest (C:\Users\Prince\Desktop\Provia\Provia\my-app\node_modules\next\dist\server\dev\next-dev-server.js:422:24)
    at async invokeRender (C:\Users\Prince\Desktop\Provia\Provia\my-app\node_modules\next\dist\server\lib\router-server.js:306:21)
    at async handleRequest (C:\Users\Prince\Desktop\Provia\Provia\my-app\node_modules\next\dist\server\lib\router-server.js:508:24)
    at async requestHandlerImpl (C:\Users\Prince\Desktop\Provia\Provia\my-app\node_modules\next\dist\server\lib\router-server.js:565:13)
    at async Server.requestListener (C:\Users\Prince\Desktop\Provia\Provia\my-app\node_modules\next\dist\server\lib\start-server.js:225:13)\n\n2026-08-26T09:05:46.769Z\nPrismaClientKnownRequestError: 
Invalid `tx.professionalSkill.upsert()` invocation in
C:\Users\Prince\Desktop\Provia\Provia\my-app\.next\dev\server\chunks\[root-of-the-server]__1gps0sr._.js:252:44

  249     }
  250 });
  251 for (const item of data.skills){
→ 252     await tx.professionalSkill.upsert(
Transaction API error: Transaction already closed: A query cannot be executed on an expired transaction. The timeout for this transaction was 5000 ms, however 5257 ms passed since the start of the transaction. Consider increasing the interactive transaction timeout or doing less work in the transaction.
    at $n.handleRequestError (C:\Users\Prince\Desktop\Provia\Provia\my-app\node_modules\@prisma\client\runtime\library.js:121:7315)
    at $n.handleAndLogRequestError (C:\Users\Prince\Desktop\Provia\Provia\my-app\node_modules\@prisma\client\runtime\library.js:121:6623)
    at $n.request (C:\Users\Prince\Desktop\Provia\Provia\my-app\node_modules\@prisma\client\runtime\library.js:121:6307)
    at async l (C:\Users\Prince\Desktop\Provia\Provia\my-app\node_modules\@prisma\client\runtime\library.js:130:9633)
    at async C:\Users\Prince\Desktop\Provia\Provia\my-app\.next\dev\server\chunks\[root-of-the-server]__1gps0sr._.js:252:17
    at async Proxy._transactionWithCallback (C:\Users\Prince\Desktop\Provia\Provia\my-app\node_modules\@prisma\client\runtime\library.js:130:8000)
    at async C:\Users\Prince\Desktop\Provia\Provia\my-app\.next\dev\server\chunks\[root-of-the-server]__1gps0sr._.js:155:5
    at async eval (file:///C:/Users/Prince/Desktop/Provia/Provia/my-app/.next/dev/server/chunks/%5Broot-of-the-server%5D__0ufdgjs._.js?id=%5Bproject%5D/lib/api-handler.ts+%5Bapp-route%5D+(ecmascript):25:30)
    at async AppRouteRouteModule.do (C:\Users\Prince\Desktop\Provia\Provia\my-app\node_modules\next\dist\compiled\next-server\app-route-turbo.runtime.dev.js:5:42793)
    at async AppRouteRouteModule.handle (C:\Users\Prince\Desktop\Provia\Provia\my-app\node_modules\next\dist\compiled\next-server\app-route-turbo.runtime.dev.js:5:50547)
    at async responseGenerator (C:\Users\Prince\Desktop\Provia\Provia\my-app\.next\dev\server\chunks\node_modules_next_0l_kyvn._.js:4709:30)
    at async AppRouteRouteModule.handleResponse (C:\Users\Prince\Desktop\Provia\Provia\my-app\node_modules\next\dist\compiled\next-server\app-route-turbo.runtime.dev.js:1:250160)
    at async handleResponse (C:\Users\Prince\Desktop\Provia\Provia\my-app\.next\dev\server\chunks\node_modules_next_0l_kyvn._.js:4781:32)
    at async Module.handler (C:\Users\Prince\Desktop\Provia\Provia\my-app\.next\dev\server\chunks\node_modules_next_0l_kyvn._.js:4901:9)
    at async DevServer.renderToResponseWithComponentsImpl (C:\Users\Prince\Desktop\Provia\Provia\my-app\node_modules\next\dist\server\base-server.js:1537:9)
    at async DevServer.renderPageComponent (C:\Users\Prince\Desktop\Provia\Provia\my-app\node_modules\next\dist\server\base-server.js:1589:24)
    at async DevServer.renderToResponseImpl (C:\Users\Prince\Desktop\Provia\Provia\my-app\node_modules\next\dist\server\base-server.js:1639:32)
    at async DevServer.pipeImpl (C:\Users\Prince\Desktop\Provia\Provia\my-app\node_modules\next\dist\server\base-server.js:1088:25)
    at async NextNodeServer.handleCatchallRenderRequest (C:\Users\Prince\Desktop\Provia\Provia\my-app\node_modules\next\dist\server\next-server.js:338:17)
    at async DevServer.handleRequestImpl (C:\Users\Prince\Desktop\Provia\Provia\my-app\node_modules\next\dist\server\base-server.js:979:17)
    at async C:\Users\Prince\Desktop\Provia\Provia\my-app\node_modules\next\dist\server\dev\next-dev-server.js:426:20
    at async Span.traceAsyncFn (C:\Users\Prince\Desktop\Provia\Provia\my-app\node_modules\next\dist\trace\trace.js:164:20)
    at async DevServer.handleRequest (C:\Users\Prince\Desktop\Provia\Provia\my-app\node_modules\next\dist\server\dev\next-dev-server.js:422:24)
    at async invokeRender (C:\Users\Prince\Desktop\Provia\Provia\my-app\node_modules\next\dist\server\lib\router-server.js:306:21)
    at async handleRequest (C:\Users\Prince\Desktop\Provia\Provia\my-app\node_modules\next\dist\server\lib\router-server.js:508:24)
    at async requestHandlerImpl (C:\Users\Prince\Desktop\Provia\Provia\my-app\node_modules\next\dist\server\lib\router-server.js:565:13)
    at async Server.requestListener (C:\Users\Prince\Desktop\Provia\Provia\my-app\node_modules\next\dist\server\lib\start-server.js:225:13)\n\n2026-08-26T09:10:21.312Z\nPrismaClientKnownRequestError: 
Invalid `tx.professionalSkill.upsert()` invocation in
C:\Users\Prince\Desktop\Provia\Provia\my-app\.next\dev\server\chunks\[root-of-the-server]__1gps0sr._.js:252:44

  249     }
  250 });
  251 for (const item of data.skills){
→ 252     await tx.professionalSkill.upsert(
Transaction API error: Transaction already closed: A query cannot be executed on an expired transaction. The timeout for this transaction was 5000 ms, however 5289 ms passed since the start of the transaction. Consider increasing the interactive transaction timeout or doing less work in the transaction.
    at $n.handleRequestError (C:\Users\Prince\Desktop\Provia\Provia\my-app\node_modules\@prisma\client\runtime\library.js:121:7315)
    at $n.handleAndLogRequestError (C:\Users\Prince\Desktop\Provia\Provia\my-app\node_modules\@prisma\client\runtime\library.js:121:6623)
    at $n.request (C:\Users\Prince\Desktop\Provia\Provia\my-app\node_modules\@prisma\client\runtime\library.js:121:6307)
    at async l (C:\Users\Prince\Desktop\Provia\Provia\my-app\node_modules\@prisma\client\runtime\library.js:130:9633)
    at async C:\Users\Prince\Desktop\Provia\Provia\my-app\.next\dev\server\chunks\[root-of-the-server]__1gps0sr._.js:252:17
    at async Proxy._transactionWithCallback (C:\Users\Prince\Desktop\Provia\Provia\my-app\node_modules\@prisma\client\runtime\library.js:130:8000)
    at async C:\Users\Prince\Desktop\Provia\Provia\my-app\.next\dev\server\chunks\[root-of-the-server]__1gps0sr._.js:155:5
    at async eval (file:///C:/Users/Prince/Desktop/Provia/Provia/my-app/.next/dev/server/chunks/%5Broot-of-the-server%5D__0ufdgjs._.js?id=%5Bproject%5D/lib/api-handler.ts+%5Bapp-route%5D+(ecmascript):25:30)
    at async AppRouteRouteModule.do (C:\Users\Prince\Desktop\Provia\Provia\my-app\node_modules\next\dist\compiled\next-server\app-route-turbo.runtime.dev.js:5:42793)
    at async AppRouteRouteModule.handle (C:\Users\Prince\Desktop\Provia\Provia\my-app\node_modules\next\dist\compiled\next-server\app-route-turbo.runtime.dev.js:5:50547)
    at async responseGenerator (C:\Users\Prince\Desktop\Provia\Provia\my-app\.next\dev\server\chunks\node_modules_next_0l_kyvn._.js:4709:30)
    at async AppRouteRouteModule.handleResponse (C:\Users\Prince\Desktop\Provia\Provia\my-app\node_modules\next\dist\compiled\next-server\app-route-turbo.runtime.dev.js:1:250160)
    at async handleResponse (C:\Users\Prince\Desktop\Provia\Provia\my-app\.next\dev\server\chunks\node_modules_next_0l_kyvn._.js:4781:32)
    at async Module.handler (C:\Users\Prince\Desktop\Provia\Provia\my-app\.next\dev\server\chunks\node_modules_next_0l_kyvn._.js:4901:9)
    at async DevServer.renderToResponseWithComponentsImpl (C:\Users\Prince\Desktop\Provia\Provia\my-app\node_modules\next\dist\server\base-server.js:1537:9)
    at async DevServer.renderPageComponent (C:\Users\Prince\Desktop\Provia\Provia\my-app\node_modules\next\dist\server\base-server.js:1589:24)
    at async DevServer.renderToResponseImpl (C:\Users\Prince\Desktop\Provia\Provia\my-app\node_modules\next\dist\server\base-server.js:1639:32)
    at async DevServer.pipeImpl (C:\Users\Prince\Desktop\Provia\Provia\my-app\node_modules\next\dist\server\base-server.js:1088:25)
    at async NextNodeServer.handleCatchallRenderRequest (C:\Users\Prince\Desktop\Provia\Provia\my-app\node_modules\next\dist\server\next-server.js:338:17)
    at async DevServer.handleRequestImpl (C:\Users\Prince\Desktop\Provia\Provia\my-app\node_modules\next\dist\server\base-server.js:979:17)
    at async C:\Users\Prince\Desktop\Provia\Provia\my-app\node_modules\next\dist\server\dev\next-dev-server.js:426:20
    at async Span.traceAsyncFn (C:\Users\Prince\Desktop\Provia\Provia\my-app\node_modules\next\dist\trace\trace.js:164:20)
    at async DevServer.handleRequest (C:\Users\Prince\Desktop\Provia\Provia\my-app\node_modules\next\dist\server\dev\next-dev-server.js:422:24)
    at async invokeRender (C:\Users\Prince\Desktop\Provia\Provia\my-app\node_modules\next\dist\server\lib\router-server.js:306:21)
    at async handleRequest (C:\Users\Prince\Desktop\Provia\Provia\my-app\node_modules\next\dist\server\lib\router-server.js:508:24)
    at async requestHandlerImpl (C:\Users\Prince\Desktop\Provia\Provia\my-app\node_modules\next\dist\server\lib\router-server.js:565:13)
    at async Server.requestListener (C:\Users\Prince\Desktop\Provia\Provia\my-app\node_modules\next\dist\server\lib\start-server.js:225:13)\n\n2026-08-26T09:11:19.480Z\nPrismaClientKnownRequestError: 
Invalid `tx.professionalSkill.upsert()` invocation in
C:\Users\Prince\Desktop\Provia\Provia\my-app\.next\dev\server\chunks\[root-of-the-server]__1gps0sr._.js:252:44

  249     }
  250 });
  251 for (const item of data.skills){
→ 252     await tx.professionalSkill.upsert(
Transaction API error: Transaction already closed: A query cannot be executed on an expired transaction. The timeout for this transaction was 5000 ms, however 5297 ms passed since the start of the transaction. Consider increasing the interactive transaction timeout or doing less work in the transaction.
    at $n.handleRequestError (C:\Users\Prince\Desktop\Provia\Provia\my-app\node_modules\@prisma\client\runtime\library.js:121:7315)
    at $n.handleAndLogRequestError (C:\Users\Prince\Desktop\Provia\Provia\my-app\node_modules\@prisma\client\runtime\library.js:121:6623)
    at $n.request (C:\Users\Prince\Desktop\Provia\Provia\my-app\node_modules\@prisma\client\runtime\library.js:121:6307)
    at async l (C:\Users\Prince\Desktop\Provia\Provia\my-app\node_modules\@prisma\client\runtime\library.js:130:9633)
    at async C:\Users\Prince\Desktop\Provia\Provia\my-app\.next\dev\server\chunks\[root-of-the-server]__1gps0sr._.js:252:17
    at async Proxy._transactionWithCallback (C:\Users\Prince\Desktop\Provia\Provia\my-app\node_modules\@prisma\client\runtime\library.js:130:8000)
    at async C:\Users\Prince\Desktop\Provia\Provia\my-app\.next\dev\server\chunks\[root-of-the-server]__1gps0sr._.js:155:5
    at async eval (file:///C:/Users/Prince/Desktop/Provia/Provia/my-app/.next/dev/server/chunks/%5Broot-of-the-server%5D__0ufdgjs._.js?id=%5Bproject%5D/lib/api-handler.ts+%5Bapp-route%5D+(ecmascript):25:30)
    at async AppRouteRouteModule.do (C:\Users\Prince\Desktop\Provia\Provia\my-app\node_modules\next\dist\compiled\next-server\app-route-turbo.runtime.dev.js:5:42793)
    at async AppRouteRouteModule.handle (C:\Users\Prince\Desktop\Provia\Provia\my-app\node_modules\next\dist\compiled\next-server\app-route-turbo.runtime.dev.js:5:50547)
    at async responseGenerator (C:\Users\Prince\Desktop\Provia\Provia\my-app\.next\dev\server\chunks\node_modules_next_0l_kyvn._.js:4709:30)
    at async AppRouteRouteModule.handleResponse (C:\Users\Prince\Desktop\Provia\Provia\my-app\node_modules\next\dist\compiled\next-server\app-route-turbo.runtime.dev.js:1:250160)
    at async handleResponse (C:\Users\Prince\Desktop\Provia\Provia\my-app\.next\dev\server\chunks\node_modules_next_0l_kyvn._.js:4781:32)
    at async Module.handler (C:\Users\Prince\Desktop\Provia\Provia\my-app\.next\dev\server\chunks\node_modules_next_0l_kyvn._.js:4901:9)
    at async DevServer.renderToResponseWithComponentsImpl (C:\Users\Prince\Desktop\Provia\Provia\my-app\node_modules\next\dist\server\base-server.js:1537:9)
    at async DevServer.renderPageComponent (C:\Users\Prince\Desktop\Provia\Provia\my-app\node_modules\next\dist\server\base-server.js:1589:24)
    at async DevServer.renderToResponseImpl (C:\Users\Prince\Desktop\Provia\Provia\my-app\node_modules\next\dist\server\base-server.js:1639:32)
    at async DevServer.pipeImpl (C:\Users\Prince\Desktop\Provia\Provia\my-app\node_modules\next\dist\server\base-server.js:1088:25)
    at async NextNodeServer.handleCatchallRenderRequest (C:\Users\Prince\Desktop\Provia\Provia\my-app\node_modules\next\dist\server\next-server.js:338:17)
    at async DevServer.handleRequestImpl (C:\Users\Prince\Desktop\Provia\Provia\my-app\node_modules\next\dist\server\base-server.js:979:17)
    at async C:\Users\Prince\Desktop\Provia\Provia\my-app\node_modules\next\dist\server\dev\next-dev-server.js:426:20
    at async Span.traceAsyncFn (C:\Users\Prince\Desktop\Provia\Provia\my-app\node_modules\next\dist\trace\trace.js:164:20)
    at async DevServer.handleRequest (C:\Users\Prince\Desktop\Provia\Provia\my-app\node_modules\next\dist\server\dev\next-dev-server.js:422:24)
    at async invokeRender (C:\Users\Prince\Desktop\Provia\Provia\my-app\node_modules\next\dist\server\lib\router-server.js:306:21)
    at async handleRequest (C:\Users\Prince\Desktop\Provia\Provia\my-app\node_modules\next\dist\server\lib\router-server.js:508:24)
    at async requestHandlerImpl (C:\Users\Prince\Desktop\Provia\Provia\my-app\node_modules\next\dist\server\lib\router-server.js:565:13)
    at async Server.requestListener (C:\Users\Prince\Desktop\Provia\Provia\my-app\node_modules\next\dist\server\lib\start-server.js:225:13)\n\n2026-08-26T17:44:31.918Z\nUnauthorizedError: Not authenticated
    at C:\Users\Prince\Desktop\Provia\Provia\my-app\.next\dev\server\chunks\[root-of-the-server]__0dqy24f._.js:92:15
    at async C:\Users\Prince\Desktop\Provia\Provia\my-app\.next\dev\server\chunks\[root-of-the-server]__0dqy24f._.js:179:30
    at async AppRouteRouteModule.do (C:\Users\Prince\Desktop\Provia\Provia\my-app\node_modules\next\dist\compiled\next-server\app-route-turbo.runtime.dev.js:5:42793)
    at async AppRouteRouteModule.handle (C:\Users\Prince\Desktop\Provia\Provia\my-app\node_modules\next\dist\compiled\next-server\app-route-turbo.runtime.dev.js:5:50547)
    at async responseGenerator (C:\Users\Prince\Desktop\Provia\Provia\my-app\.next\dev\server\chunks\node_modules_next_0tyj8lk._.js:4709:30)
    at async AppRouteRouteModule.handleResponse (C:\Users\Prince\Desktop\Provia\Provia\my-app\node_modules\next\dist\compiled\next-server\app-route-turbo.runtime.dev.js:1:250160)
    at async handleResponse (C:\Users\Prince\Desktop\Provia\Provia\my-app\.next\dev\server\chunks\node_modules_next_0tyj8lk._.js:4781:32)
    at async Module.handler (C:\Users\Prince\Desktop\Provia\Provia\my-app\.next\dev\server\chunks\node_modules_next_0tyj8lk._.js:4901:9)
    at async DevServer.renderToResponseWithComponentsImpl (C:\Users\Prince\Desktop\Provia\Provia\my-app\node_modules\next\dist\server\base-server.js:1537:9)
    at async DevServer.renderPageComponent (C:\Users\Prince\Desktop\Provia\Provia\my-app\node_modules\next\dist\server\base-server.js:1589:24)
    at async DevServer.renderToResponseImpl (C:\Users\Prince\Desktop\Provia\Provia\my-app\node_modules\next\dist\server\base-server.js:1639:32)
    at async DevServer.pipeImpl (C:\Users\Prince\Desktop\Provia\Provia\my-app\node_modules\next\dist\server\base-server.js:1088:25)
    at async NextNodeServer.handleCatchallRenderRequest (C:\Users\Prince\Desktop\Provia\Provia\my-app\node_modules\next\dist\server\next-server.js:338:17)
    at async DevServer.handleRequestImpl (C:\Users\Prince\Desktop\Provia\Provia\my-app\node_modules\next\dist\server\base-server.js:979:17)
    at async C:\Users\Prince\Desktop\Provia\Provia\my-app\node_modules\next\dist\server\dev\next-dev-server.js:426:20
    at async Span.traceAsyncFn (C:\Users\Prince\Desktop\Provia\Provia\my-app\node_modules\next\dist\trace\trace.js:164:20)
    at async DevServer.handleRequest (C:\Users\Prince\Desktop\Provia\Provia\my-app\node_modules\next\dist\server\dev\next-dev-server.js:422:24)
    at async invokeRender (C:\Users\Prince\Desktop\Provia\Provia\my-app\node_modules\next\dist\server\lib\router-server.js:306:21)
    at async handleRequest (C:\Users\Prince\Desktop\Provia\Provia\my-app\node_modules\next\dist\server\lib\router-server.js:508:24)
    at async requestHandlerImpl (C:\Users\Prince\Desktop\Provia\Provia\my-app\node_modules\next\dist\server\lib\router-server.js:565:13)
    at async Server.requestListener (C:\Users\Prince\Desktop\Provia\Provia\my-app\node_modules\next\dist\server\lib\start-server.js:225:13)\n\n2026-08-26T17:44:32.225Z\nUnauthorizedError: Not authenticated
    at C:\Users\Prince\Desktop\Provia\Provia\my-app\.next\dev\server\chunks\[root-of-the-server]__0dqy24f._.js:92:15
    at async C:\Users\Prince\Desktop\Provia\Provia\my-app\.next\dev\server\chunks\[root-of-the-server]__0dqy24f._.js:179:30
    at async AppRouteRouteModule.do (C:\Users\Prince\Desktop\Provia\Provia\my-app\node_modules\next\dist\compiled\next-server\app-route-turbo.runtime.dev.js:5:42793)
    at async AppRouteRouteModule.handle (C:\Users\Prince\Desktop\Provia\Provia\my-app\node_modules\next\dist\compiled\next-server\app-route-turbo.runtime.dev.js:5:50547)
    at async responseGenerator (C:\Users\Prince\Desktop\Provia\Provia\my-app\.next\dev\server\chunks\node_modules_next_0tyj8lk._.js:4709:30)
    at async AppRouteRouteModule.handleResponse (C:\Users\Prince\Desktop\Provia\Provia\my-app\node_modules\next\dist\compiled\next-server\app-route-turbo.runtime.dev.js:1:250160)
    at async handleResponse (C:\Users\Prince\Desktop\Provia\Provia\my-app\.next\dev\server\chunks\node_modules_next_0tyj8lk._.js:4781:32)
    at async Module.handler (C:\Users\Prince\Desktop\Provia\Provia\my-app\.next\dev\server\chunks\node_modules_next_0tyj8lk._.js:4901:9)
    at async DevServer.renderToResponseWithComponentsImpl (C:\Users\Prince\Desktop\Provia\Provia\my-app\node_modules\next\dist\server\base-server.js:1537:9)
    at async DevServer.renderPageComponent (C:\Users\Prince\Desktop\Provia\Provia\my-app\node_modules\next\dist\server\base-server.js:1589:24)
    at async DevServer.renderToResponseImpl (C:\Users\Prince\Desktop\Provia\Provia\my-app\node_modules\next\dist\server\base-server.js:1639:32)
    at async DevServer.pipeImpl (C:\Users\Prince\Desktop\Provia\Provia\my-app\node_modules\next\dist\server\base-server.js:1088:25)
    at async NextNodeServer.handleCatchallRenderRequest (C:\Users\Prince\Desktop\Provia\Provia\my-app\node_modules\next\dist\server\next-server.js:338:17)
    at async DevServer.handleRequestImpl (C:\Users\Prince\Desktop\Provia\Provia\my-app\node_modules\next\dist\server\base-server.js:979:17)
    at async C:\Users\Prince\Desktop\Provia\Provia\my-app\node_modules\next\dist\server\dev\next-dev-server.js:426:20
    at async Span.traceAsyncFn (C:\Users\Prince\Desktop\Provia\Provia\my-app\node_modules\next\dist\trace\trace.js:164:20)
    at async DevServer.handleRequest (C:\Users\Prince\Desktop\Provia\Provia\my-app\node_modules\next\dist\server\dev\next-dev-server.js:422:24)
    at async invokeRender (C:\Users\Prince\Desktop\Provia\Provia\my-app\node_modules\next\dist\server\lib\router-server.js:306:21)
    at async handleRequest (C:\Users\Prince\Desktop\Provia\Provia\my-app\node_modules\next\dist\server\lib\router-server.js:508:24)
    at async requestHandlerImpl (C:\Users\Prince\Desktop\Provia\Provia\my-app\node_modules\next\dist\server\lib\router-server.js:565:13)
    at async Server.requestListener (C:\Users\Prince\Desktop\Provia\Provia\my-app\node_modules\next\dist\server\lib\start-server.js:225:13)\n\n2026-08-26T17:45:54.686Z\nUnauthorizedError: Not authenticated
    at C:\Users\Prince\Desktop\Provia\Provia\my-app\.next\dev\server\chunks\[root-of-the-server]__0dqy24f._.js:92:15
    at async C:\Users\Prince\Desktop\Provia\Provia\my-app\.next\dev\server\chunks\[root-of-the-server]__0dqy24f._.js:179:30
    at async AppRouteRouteModule.do (C:\Users\Prince\Desktop\Provia\Provia\my-app\node_modules\next\dist\compiled\next-server\app-route-turbo.runtime.dev.js:5:42793)
    at async AppRouteRouteModule.handle (C:\Users\Prince\Desktop\Provia\Provia\my-app\node_modules\next\dist\compiled\next-server\app-route-turbo.runtime.dev.js:5:50547)
    at async responseGenerator (C:\Users\Prince\Desktop\Provia\Provia\my-app\.next\dev\server\chunks\node_modules_next_0tyj8lk._.js:4709:30)
    at async AppRouteRouteModule.handleResponse (C:\Users\Prince\Desktop\Provia\Provia\my-app\node_modules\next\dist\compiled\next-server\app-route-turbo.runtime.dev.js:1:250160)
    at async handleResponse (C:\Users\Prince\Desktop\Provia\Provia\my-app\.next\dev\server\chunks\node_modules_next_0tyj8lk._.js:4781:32)
    at async Module.handler (C:\Users\Prince\Desktop\Provia\Provia\my-app\.next\dev\server\chunks\node_modules_next_0tyj8lk._.js:4901:9)
    at async DevServer.renderToResponseWithComponentsImpl (C:\Users\Prince\Desktop\Provia\Provia\my-app\node_modules\next\dist\server\base-server.js:1537:9)
    at async DevServer.renderPageComponent (C:\Users\Prince\Desktop\Provia\Provia\my-app\node_modules\next\dist\server\base-server.js:1589:24)
    at async DevServer.renderToResponseImpl (C:\Users\Prince\Desktop\Provia\Provia\my-app\node_modules\next\dist\server\base-server.js:1639:32)
    at async DevServer.pipeImpl (C:\Users\Prince\Desktop\Provia\Provia\my-app\node_modules\next\dist\server\base-server.js:1088:25)
    at async NextNodeServer.handleCatchallRenderRequest (C:\Users\Prince\Desktop\Provia\Provia\my-app\node_modules\next\dist\server\next-server.js:338:17)
    at async DevServer.handleRequestImpl (C:\Users\Prince\Desktop\Provia\Provia\my-app\node_modules\next\dist\server\base-server.js:979:17)
    at async C:\Users\Prince\Desktop\Provia\Provia\my-app\node_modules\next\dist\server\dev\next-dev-server.js:426:20
    at async Span.traceAsyncFn (C:\Users\Prince\Desktop\Provia\Provia\my-app\node_modules\next\dist\trace\trace.js:164:20)
    at async DevServer.handleRequest (C:\Users\Prince\Desktop\Provia\Provia\my-app\node_modules\next\dist\server\dev\next-dev-server.js:422:24)
    at async invokeRender (C:\Users\Prince\Desktop\Provia\Provia\my-app\node_modules\next\dist\server\lib\router-server.js:306:21)
    at async handleRequest (C:\Users\Prince\Desktop\Provia\Provia\my-app\node_modules\next\dist\server\lib\router-server.js:508:24)
    at async requestHandlerImpl (C:\Users\Prince\Desktop\Provia\Provia\my-app\node_modules\next\dist\server\lib\router-server.js:565:13)
    at async Server.requestListener (C:\Users\Prince\Desktop\Provia\Provia\my-app\node_modules\next\dist\server\lib\start-server.js:225:13)\n\n2026-08-26T17:45:54.881Z\nUnauthorizedError: Not authenticated
    at C:\Users\Prince\Desktop\Provia\Provia\my-app\.next\dev\server\chunks\[root-of-the-server]__0dqy24f._.js:92:15
    at async C:\Users\Prince\Desktop\Provia\Provia\my-app\.next\dev\server\chunks\[root-of-the-server]__0dqy24f._.js:179:30
    at async AppRouteRouteModule.do (C:\Users\Prince\Desktop\Provia\Provia\my-app\node_modules\next\dist\compiled\next-server\app-route-turbo.runtime.dev.js:5:42793)
    at async AppRouteRouteModule.handle (C:\Users\Prince\Desktop\Provia\Provia\my-app\node_modules\next\dist\compiled\next-server\app-route-turbo.runtime.dev.js:5:50547)
    at async responseGenerator (C:\Users\Prince\Desktop\Provia\Provia\my-app\.next\dev\server\chunks\node_modules_next_0tyj8lk._.js:4709:30)
    at async AppRouteRouteModule.handleResponse (C:\Users\Prince\Desktop\Provia\Provia\my-app\node_modules\next\dist\compiled\next-server\app-route-turbo.runtime.dev.js:1:250160)
    at async handleResponse (C:\Users\Prince\Desktop\Provia\Provia\my-app\.next\dev\server\chunks\node_modules_next_0tyj8lk._.js:4781:32)
    at async Module.handler (C:\Users\Prince\Desktop\Provia\Provia\my-app\.next\dev\server\chunks\node_modules_next_0tyj8lk._.js:4901:9)
    at async DevServer.renderToResponseWithComponentsImpl (C:\Users\Prince\Desktop\Provia\Provia\my-app\node_modules\next\dist\server\base-server.js:1537:9)
    at async DevServer.renderPageComponent (C:\Users\Prince\Desktop\Provia\Provia\my-app\node_modules\next\dist\server\base-server.js:1589:24)
    at async DevServer.renderToResponseImpl (C:\Users\Prince\Desktop\Provia\Provia\my-app\node_modules\next\dist\server\base-server.js:1639:32)
    at async DevServer.pipeImpl (C:\Users\Prince\Desktop\Provia\Provia\my-app\node_modules\next\dist\server\base-server.js:1088:25)
    at async NextNodeServer.handleCatchallRenderRequest (C:\Users\Prince\Desktop\Provia\Provia\my-app\node_modules\next\dist\server\next-server.js:338:17)
    at async DevServer.handleRequestImpl (C:\Users\Prince\Desktop\Provia\Provia\my-app\node_modules\next\dist\server\base-server.js:979:17)
    at async C:\Users\Prince\Desktop\Provia\Provia\my-app\node_modules\next\dist\server\dev\next-dev-server.js:426:20
    at async Span.traceAsyncFn (C:\Users\Prince\Desktop\Provia\Provia\my-app\node_modules\next\dist\trace\trace.js:164:20)
    at async DevServer.handleRequest (C:\Users\Prince\Desktop\Provia\Provia\my-app\node_modules\next\dist\server\dev\next-dev-server.js:422:24)
    at async invokeRender (C:\Users\Prince\Desktop\Provia\Provia\my-app\node_modules\next\dist\server\lib\router-server.js:306:21)
    at async handleRequest (C:\Users\Prince\Desktop\Provia\Provia\my-app\node_modules\next\dist\server\lib\router-server.js:508:24)
    at async requestHandlerImpl (C:\Users\Prince\Desktop\Provia\Provia\my-app\node_modules\next\dist\server\lib\router-server.js:565:13)
    at async Server.requestListener (C:\Users\Prince\Desktop\Provia\Provia\my-app\node_modules\next\dist\server\lib\start-server.js:225:13)\n\n2026-08-26T18:12:37.568Z\nUnauthorizedError: Not authenticated
    at C:\Users\Prince\Desktop\Provia\Provia\my-app\.next\dev\server\chunks\[root-of-the-server]__0dqy24f._.js:92:15
    at async C:\Users\Prince\Desktop\Provia\Provia\my-app\.next\dev\server\chunks\[root-of-the-server]__16_5rp4._.js:224:30
    at async AppRouteRouteModule.do (C:\Users\Prince\Desktop\Provia\Provia\my-app\node_modules\next\dist\compiled\next-server\app-route-turbo.runtime.dev.js:5:42793)
    at async AppRouteRouteModule.handle (C:\Users\Prince\Desktop\Provia\Provia\my-app\node_modules\next\dist\compiled\next-server\app-route-turbo.runtime.dev.js:5:50547)
    at async responseGenerator (C:\Users\Prince\Desktop\Provia\Provia\my-app\.next\dev\server\chunks\node_modules_next_0tyj8lk._.js:4709:30)
    at async AppRouteRouteModule.handleResponse (C:\Users\Prince\Desktop\Provia\Provia\my-app\node_modules\next\dist\compiled\next-server\app-route-turbo.runtime.dev.js:1:250160)
    at async handleResponse (C:\Users\Prince\Desktop\Provia\Provia\my-app\.next\dev\server\chunks\node_modules_next_0tyj8lk._.js:4781:32)
    at async Module.handler (C:\Users\Prince\Desktop\Provia\Provia\my-app\.next\dev\server\chunks\node_modules_next_0tyj8lk._.js:4901:9)
    at async DevServer.renderToResponseWithComponentsImpl (C:\Users\Prince\Desktop\Provia\Provia\my-app\node_modules\next\dist\server\base-server.js:1537:9)
    at async DevServer.renderPageComponent (C:\Users\Prince\Desktop\Provia\Provia\my-app\node_modules\next\dist\server\base-server.js:1589:24)
    at async DevServer.renderToResponseImpl (C:\Users\Prince\Desktop\Provia\Provia\my-app\node_modules\next\dist\server\base-server.js:1639:32)
    at async DevServer.pipeImpl (C:\Users\Prince\Desktop\Provia\Provia\my-app\node_modules\next\dist\server\base-server.js:1088:25)
    at async NextNodeServer.handleCatchallRenderRequest (C:\Users\Prince\Desktop\Provia\Provia\my-app\node_modules\next\dist\server\next-server.js:338:17)
    at async DevServer.handleRequestImpl (C:\Users\Prince\Desktop\Provia\Provia\my-app\node_modules\next\dist\server\base-server.js:979:17)
    at async C:\Users\Prince\Desktop\Provia\Provia\my-app\node_modules\next\dist\server\dev\next-dev-server.js:426:20
    at async Span.traceAsyncFn (C:\Users\Prince\Desktop\Provia\Provia\my-app\node_modules\next\dist\trace\trace.js:164:20)
    at async DevServer.handleRequest (C:\Users\Prince\Desktop\Provia\Provia\my-app\node_modules\next\dist\server\dev\next-dev-server.js:422:24)
    at async invokeRender (C:\Users\Prince\Desktop\Provia\Provia\my-app\node_modules\next\dist\server\lib\router-server.js:306:21)
    at async handleRequest (C:\Users\Prince\Desktop\Provia\Provia\my-app\node_modules\next\dist\server\lib\router-server.js:508:24)
    at async requestHandlerImpl (C:\Users\Prince\Desktop\Provia\Provia\my-app\node_modules\next\dist\server\lib\router-server.js:565:13)
    at async Server.requestListener (C:\Users\Prince\Desktop\Provia\Provia\my-app\node_modules\next\dist\server\lib\start-server.js:225:13)\n\n2026-08-26T18:12:37.709Z\nUnauthorizedError: Not authenticated
    at C:\Users\Prince\Desktop\Provia\Provia\my-app\.next\dev\server\chunks\[root-of-the-server]__0dqy24f._.js:92:15
    at async C:\Users\Prince\Desktop\Provia\Provia\my-app\.next\dev\server\chunks\[root-of-the-server]__16_5rp4._.js:224:30
    at async AppRouteRouteModule.do (C:\Users\Prince\Desktop\Provia\Provia\my-app\node_modules\next\dist\compiled\next-server\app-route-turbo.runtime.dev.js:5:42793)
    at async AppRouteRouteModule.handle (C:\Users\Prince\Desktop\Provia\Provia\my-app\node_modules\next\dist\compiled\next-server\app-route-turbo.runtime.dev.js:5:50547)
    at async responseGenerator (C:\Users\Prince\Desktop\Provia\Provia\my-app\.next\dev\server\chunks\node_modules_next_0tyj8lk._.js:4709:30)
    at async AppRouteRouteModule.handleResponse (C:\Users\Prince\Desktop\Provia\Provia\my-app\node_modules\next\dist\compiled\next-server\app-route-turbo.runtime.dev.js:1:250160)
    at async handleResponse (C:\Users\Prince\Desktop\Provia\Provia\my-app\.next\dev\server\chunks\node_modules_next_0tyj8lk._.js:4781:32)
    at async Module.handler (C:\Users\Prince\Desktop\Provia\Provia\my-app\.next\dev\server\chunks\node_modules_next_0tyj8lk._.js:4901:9)
    at async DevServer.renderToResponseWithComponentsImpl (C:\Users\Prince\Desktop\Provia\Provia\my-app\node_modules\next\dist\server\base-server.js:1537:9)
    at async DevServer.renderPageComponent (C:\Users\Prince\Desktop\Provia\Provia\my-app\node_modules\next\dist\server\base-server.js:1589:24)
    at async DevServer.renderToResponseImpl (C:\Users\Prince\Desktop\Provia\Provia\my-app\node_modules\next\dist\server\base-server.js:1639:32)
    at async DevServer.pipeImpl (C:\Users\Prince\Desktop\Provia\Provia\my-app\node_modules\next\dist\server\base-server.js:1088:25)
    at async NextNodeServer.handleCatchallRenderRequest (C:\Users\Prince\Desktop\Provia\Provia\my-app\node_modules\next\dist\server\next-server.js:338:17)
    at async DevServer.handleRequestImpl (C:\Users\Prince\Desktop\Provia\Provia\my-app\node_modules\next\dist\server\base-server.js:979:17)
    at async C:\Users\Prince\Desktop\Provia\Provia\my-app\node_modules\next\dist\server\dev\next-dev-server.js:426:20
    at async Span.traceAsyncFn (C:\Users\Prince\Desktop\Provia\Provia\my-app\node_modules\next\dist\trace\trace.js:164:20)
    at async DevServer.handleRequest (C:\Users\Prince\Desktop\Provia\Provia\my-app\node_modules\next\dist\server\dev\next-dev-server.js:422:24)
    at async invokeRender (C:\Users\Prince\Desktop\Provia\Provia\my-app\node_modules\next\dist\server\lib\router-server.js:306:21)
    at async handleRequest (C:\Users\Prince\Desktop\Provia\Provia\my-app\node_modules\next\dist\server\lib\router-server.js:508:24)
    at async requestHandlerImpl (C:\Users\Prince\Desktop\Provia\Provia\my-app\node_modules\next\dist\server\lib\router-server.js:565:13)
    at async Server.requestListener (C:\Users\Prince\Desktop\Provia\Provia\my-app\node_modules\next\dist\server\lib\start-server.js:225:13)\n\n2026-08-27T15:35:07.188Z\nUnauthorizedError: Not authenticated
    at C:\Users\Prince\Desktop\Provia\Provia\my-app\.next\dev\server\chunks\[root-of-the-server]__0dqy24f._.js:92:15
    at async C:\Users\Prince\Desktop\Provia\Provia\my-app\.next\dev\server\chunks\[root-of-the-server]__0dqy24f._.js:179:30
    at async AppRouteRouteModule.do (C:\Users\Prince\Desktop\Provia\Provia\my-app\node_modules\next\dist\compiled\next-server\app-route-turbo.runtime.dev.js:5:42793)
    at async AppRouteRouteModule.handle (C:\Users\Prince\Desktop\Provia\Provia\my-app\node_modules\next\dist\compiled\next-server\app-route-turbo.runtime.dev.js:5:50547)
    at async responseGenerator (C:\Users\Prince\Desktop\Provia\Provia\my-app\.next\dev\server\chunks\node_modules_next_0tyj8lk._.js:4709:30)
    at async AppRouteRouteModule.handleResponse (C:\Users\Prince\Desktop\Provia\Provia\my-app\node_modules\next\dist\compiled\next-server\app-route-turbo.runtime.dev.js:1:250160)
    at async handleResponse (C:\Users\Prince\Desktop\Provia\Provia\my-app\.next\dev\server\chunks\node_modules_next_0tyj8lk._.js:4781:32)
    at async Module.handler (C:\Users\Prince\Desktop\Provia\Provia\my-app\.next\dev\server\chunks\node_modules_next_0tyj8lk._.js:4901:9)
    at async DevServer.renderToResponseWithComponentsImpl (C:\Users\Prince\Desktop\Provia\Provia\my-app\node_modules\next\dist\server\base-server.js:1537:9)
    at async DevServer.renderPageComponent (C:\Users\Prince\Desktop\Provia\Provia\my-app\node_modules\next\dist\server\base-server.js:1589:24)
    at async DevServer.renderToResponseImpl (C:\Users\Prince\Desktop\Provia\Provia\my-app\node_modules\next\dist\server\base-server.js:1639:32)
    at async DevServer.pipeImpl (C:\Users\Prince\Desktop\Provia\Provia\my-app\node_modules\next\dist\server\base-server.js:1088:25)
    at async NextNodeServer.handleCatchallRenderRequest (C:\Users\Prince\Desktop\Provia\Provia\my-app\node_modules\next\dist\server\next-server.js:338:17)
    at async DevServer.handleRequestImpl (C:\Users\Prince\Desktop\Provia\Provia\my-app\node_modules\next\dist\server\base-server.js:979:17)
    at async C:\Users\Prince\Desktop\Provia\Provia\my-app\node_modules\next\dist\server\dev\next-dev-server.js:426:20
    at async Span.traceAsyncFn (C:\Users\Prince\Desktop\Provia\Provia\my-app\node_modules\next\dist\trace\trace.js:164:20)
    at async DevServer.handleRequest (C:\Users\Prince\Desktop\Provia\Provia\my-app\node_modules\next\dist\server\dev\next-dev-server.js:422:24)
    at async invokeRender (C:\Users\Prince\Desktop\Provia\Provia\my-app\node_modules\next\dist\server\lib\router-server.js:306:21)
    at async handleRequest (C:\Users\Prince\Desktop\Provia\Provia\my-app\node_modules\next\dist\server\lib\router-server.js:508:24)
    at async requestHandlerImpl (C:\Users\Prince\Desktop\Provia\Provia\my-app\node_modules\next\dist\server\lib\router-server.js:565:13)
    at async Server.requestListener (C:\Users\Prince\Desktop\Provia\Provia\my-app\node_modules\next\dist\server\lib\start-server.js:225:13)\n\n2026-08-27T15:35:07.359Z\nUnauthorizedError: Not authenticated
    at C:\Users\Prince\Desktop\Provia\Provia\my-app\.next\dev\server\chunks\[root-of-the-server]__0dqy24f._.js:92:15
    at async C:\Users\Prince\Desktop\Provia\Provia\my-app\.next\dev\server\chunks\[root-of-the-server]__0dqy24f._.js:179:30
    at async AppRouteRouteModule.do (C:\Users\Prince\Desktop\Provia\Provia\my-app\node_modules\next\dist\compiled\next-server\app-route-turbo.runtime.dev.js:5:42793)
    at async AppRouteRouteModule.handle (C:\Users\Prince\Desktop\Provia\Provia\my-app\node_modules\next\dist\compiled\next-server\app-route-turbo.runtime.dev.js:5:50547)
    at async responseGenerator (C:\Users\Prince\Desktop\Provia\Provia\my-app\.next\dev\server\chunks\node_modules_next_0tyj8lk._.js:4709:30)
    at async AppRouteRouteModule.handleResponse (C:\Users\Prince\Desktop\Provia\Provia\my-app\node_modules\next\dist\compiled\next-server\app-route-turbo.runtime.dev.js:1:250160)
    at async handleResponse (C:\Users\Prince\Desktop\Provia\Provia\my-app\.next\dev\server\chunks\node_modules_next_0tyj8lk._.js:4781:32)
    at async Module.handler (C:\Users\Prince\Desktop\Provia\Provia\my-app\.next\dev\server\chunks\node_modules_next_0tyj8lk._.js:4901:9)
    at async DevServer.renderToResponseWithComponentsImpl (C:\Users\Prince\Desktop\Provia\Provia\my-app\node_modules\next\dist\server\base-server.js:1537:9)
    at async DevServer.renderPageComponent (C:\Users\Prince\Desktop\Provia\Provia\my-app\node_modules\next\dist\server\base-server.js:1589:24)
    at async DevServer.renderToResponseImpl (C:\Users\Prince\Desktop\Provia\Provia\my-app\node_modules\next\dist\server\base-server.js:1639:32)
    at async DevServer.pipeImpl (C:\Users\Prince\Desktop\Provia\Provia\my-app\node_modules\next\dist\server\base-server.js:1088:25)
    at async NextNodeServer.handleCatchallRenderRequest (C:\Users\Prince\Desktop\Provia\Provia\my-app\node_modules\next\dist\server\next-server.js:338:17)
    at async DevServer.handleRequestImpl (C:\Users\Prince\Desktop\Provia\Provia\my-app\node_modules\next\dist\server\base-server.js:979:17)
    at async C:\Users\Prince\Desktop\Provia\Provia\my-app\node_modules\next\dist\server\dev\next-dev-server.js:426:20
    at async Span.traceAsyncFn (C:\Users\Prince\Desktop\Provia\Provia\my-app\node_modules\next\dist\trace\trace.js:164:20)
    at async DevServer.handleRequest (C:\Users\Prince\Desktop\Provia\Provia\my-app\node_modules\next\dist\server\dev\next-dev-server.js:422:24)
    at async invokeRender (C:\Users\Prince\Desktop\Provia\Provia\my-app\node_modules\next\dist\server\lib\router-server.js:306:21)
    at async handleRequest (C:\Users\Prince\Desktop\Provia\Provia\my-app\node_modules\next\dist\server\lib\router-server.js:508:24)
    at async requestHandlerImpl (C:\Users\Prince\Desktop\Provia\Provia\my-app\node_modules\next\dist\server\lib\router-server.js:565:13)
    at async Server.requestListener (C:\Users\Prince\Desktop\Provia\Provia\my-app\node_modules\next\dist\server\lib\start-server.js:225:13)\n\n2026-08-27T15:42:41.861Z\nUnauthorizedError: Not authenticated
    at C:\Users\Prince\Desktop\Provia\Provia\my-app\.next\dev\server\chunks\[root-of-the-server]__0dqy24f._.js:92:15
    at async C:\Users\Prince\Desktop\Provia\Provia\my-app\.next\dev\server\chunks\[root-of-the-server]__0dqy24f._.js:179:30
    at async AppRouteRouteModule.do (C:\Users\Prince\Desktop\Provia\Provia\my-app\node_modules\next\dist\compiled\next-server\app-route-turbo.runtime.dev.js:5:42793)
    at async AppRouteRouteModule.handle (C:\Users\Prince\Desktop\Provia\Provia\my-app\node_modules\next\dist\compiled\next-server\app-route-turbo.runtime.dev.js:5:50547)
    at async responseGenerator (C:\Users\Prince\Desktop\Provia\Provia\my-app\.next\dev\server\chunks\node_modules_next_0tyj8lk._.js:4709:30)
    at async AppRouteRouteModule.handleResponse (C:\Users\Prince\Desktop\Provia\Provia\my-app\node_modules\next\dist\compiled\next-server\app-route-turbo.runtime.dev.js:1:250160)
    at async handleResponse (C:\Users\Prince\Desktop\Provia\Provia\my-app\.next\dev\server\chunks\node_modules_next_0tyj8lk._.js:4781:32)
    at async Module.handler (C:\Users\Prince\Desktop\Provia\Provia\my-app\.next\dev\server\chunks\node_modules_next_0tyj8lk._.js:4901:9)
    at async DevServer.renderToResponseWithComponentsImpl (C:\Users\Prince\Desktop\Provia\Provia\my-app\node_modules\next\dist\server\base-server.js:1537:9)
    at async DevServer.renderPageComponent (C:\Users\Prince\Desktop\Provia\Provia\my-app\node_modules\next\dist\server\base-server.js:1589:24)
    at async DevServer.renderToResponseImpl (C:\Users\Prince\Desktop\Provia\Provia\my-app\node_modules\next\dist\server\base-server.js:1639:32)
    at async DevServer.pipeImpl (C:\Users\Prince\Desktop\Provia\Provia\my-app\node_modules\next\dist\server\base-server.js:1088:25)
    at async NextNodeServer.handleCatchallRenderRequest (C:\Users\Prince\Desktop\Provia\Provia\my-app\node_modules\next\dist\server\next-server.js:338:17)
    at async DevServer.handleRequestImpl (C:\Users\Prince\Desktop\Provia\Provia\my-app\node_modules\next\dist\server\base-server.js:979:17)
    at async C:\Users\Prince\Desktop\Provia\Provia\my-app\node_modules\next\dist\server\dev\next-dev-server.js:426:20
    at async Span.traceAsyncFn (C:\Users\Prince\Desktop\Provia\Provia\my-app\node_modules\next\dist\trace\trace.js:164:20)
    at async DevServer.handleRequest (C:\Users\Prince\Desktop\Provia\Provia\my-app\node_modules\next\dist\server\dev\next-dev-server.js:422:24)
    at async invokeRender (C:\Users\Prince\Desktop\Provia\Provia\my-app\node_modules\next\dist\server\lib\router-server.js:306:21)
    at async handleRequest (C:\Users\Prince\Desktop\Provia\Provia\my-app\node_modules\next\dist\server\lib\router-server.js:508:24)
    at async requestHandlerImpl (C:\Users\Prince\Desktop\Provia\Provia\my-app\node_modules\next\dist\server\lib\router-server.js:565:13)
    at async Server.requestListener (C:\Users\Prince\Desktop\Provia\Provia\my-app\node_modules\next\dist\server\lib\start-server.js:225:13)\n\n2026-08-27T15:42:42.445Z\nUnauthorizedError: Not authenticated
    at C:\Users\Prince\Desktop\Provia\Provia\my-app\.next\dev\server\chunks\[root-of-the-server]__0dqy24f._.js:92:15
    at async C:\Users\Prince\Desktop\Provia\Provia\my-app\.next\dev\server\chunks\[root-of-the-server]__0dqy24f._.js:179:30
    at async AppRouteRouteModule.do (C:\Users\Prince\Desktop\Provia\Provia\my-app\node_modules\next\dist\compiled\next-server\app-route-turbo.runtime.dev.js:5:42793)
    at async AppRouteRouteModule.handle (C:\Users\Prince\Desktop\Provia\Provia\my-app\node_modules\next\dist\compiled\next-server\app-route-turbo.runtime.dev.js:5:50547)
    at async responseGenerator (C:\Users\Prince\Desktop\Provia\Provia\my-app\.next\dev\server\chunks\node_modules_next_0tyj8lk._.js:4709:30)
    at async AppRouteRouteModule.handleResponse (C:\Users\Prince\Desktop\Provia\Provia\my-app\node_modules\next\dist\compiled\next-server\app-route-turbo.runtime.dev.js:1:250160)
    at async handleResponse (C:\Users\Prince\Desktop\Provia\Provia\my-app\.next\dev\server\chunks\node_modules_next_0tyj8lk._.js:4781:32)
    at async Module.handler (C:\Users\Prince\Desktop\Provia\Provia\my-app\.next\dev\server\chunks\node_modules_next_0tyj8lk._.js:4901:9)
    at async DevServer.renderToResponseWithComponentsImpl (C:\Users\Prince\Desktop\Provia\Provia\my-app\node_modules\next\dist\server\base-server.js:1537:9)
    at async DevServer.renderPageComponent (C:\Users\Prince\Desktop\Provia\Provia\my-app\node_modules\next\dist\server\base-server.js:1589:24)
    at async DevServer.renderToResponseImpl (C:\Users\Prince\Desktop\Provia\Provia\my-app\node_modules\next\dist\server\base-server.js:1639:32)
    at async DevServer.pipeImpl (C:\Users\Prince\Desktop\Provia\Provia\my-app\node_modules\next\dist\server\base-server.js:1088:25)
    at async NextNodeServer.handleCatchallRenderRequest (C:\Users\Prince\Desktop\Provia\Provia\my-app\node_modules\next\dist\server\next-server.js:338:17)
    at async DevServer.handleRequestImpl (C:\Users\Prince\Desktop\Provia\Provia\my-app\node_modules\next\dist\server\base-server.js:979:17)
    at async C:\Users\Prince\Desktop\Provia\Provia\my-app\node_modules\next\dist\server\dev\next-dev-server.js:426:20
    at async Span.traceAsyncFn (C:\Users\Prince\Desktop\Provia\Provia\my-app\node_modules\next\dist\trace\trace.js:164:20)
    at async DevServer.handleRequest (C:\Users\Prince\Desktop\Provia\Provia\my-app\node_modules\next\dist\server\dev\next-dev-server.js:422:24)
    at async invokeRender (C:\Users\Prince\Desktop\Provia\Provia\my-app\node_modules\next\dist\server\lib\router-server.js:306:21)
    at async handleRequest (C:\Users\Prince\Desktop\Provia\Provia\my-app\node_modules\next\dist\server\lib\router-server.js:508:24)
    at async requestHandlerImpl (C:\Users\Prince\Desktop\Provia\Provia\my-app\node_modules\next\dist\server\lib\router-server.js:565:13)
    at async Server.requestListener (C:\Users\Prince\Desktop\Provia\Provia\my-app\node_modules\next\dist\server\lib\start-server.js:225:13)\n\n2026-08-27T15:42:47.600Z\nUnauthorizedError: Not authenticated
    at C:\Users\Prince\Desktop\Provia\Provia\my-app\.next\dev\server\chunks\[root-of-the-server]__0dqy24f._.js:92:15
    at async C:\Users\Prince\Desktop\Provia\Provia\my-app\.next\dev\server\chunks\[root-of-the-server]__0dqy24f._.js:179:30
    at async AppRouteRouteModule.do (C:\Users\Prince\Desktop\Provia\Provia\my-app\node_modules\next\dist\compiled\next-server\app-route-turbo.runtime.dev.js:5:42793)
    at async AppRouteRouteModule.handle (C:\Users\Prince\Desktop\Provia\Provia\my-app\node_modules\next\dist\compiled\next-server\app-route-turbo.runtime.dev.js:5:50547)
    at async responseGenerator (C:\Users\Prince\Desktop\Provia\Provia\my-app\.next\dev\server\chunks\node_modules_next_0tyj8lk._.js:4709:30)
    at async AppRouteRouteModule.handleResponse (C:\Users\Prince\Desktop\Provia\Provia\my-app\node_modules\next\dist\compiled\next-server\app-route-turbo.runtime.dev.js:1:250160)
    at async handleResponse (C:\Users\Prince\Desktop\Provia\Provia\my-app\.next\dev\server\chunks\node_modules_next_0tyj8lk._.js:4781:32)
    at async Module.handler (C:\Users\Prince\Desktop\Provia\Provia\my-app\.next\dev\server\chunks\node_modules_next_0tyj8lk._.js:4901:9)
    at async DevServer.renderToResponseWithComponentsImpl (C:\Users\Prince\Desktop\Provia\Provia\my-app\node_modules\next\dist\server\base-server.js:1537:9)
    at async DevServer.renderPageComponent (C:\Users\Prince\Desktop\Provia\Provia\my-app\node_modules\next\dist\server\base-server.js:1589:24)
    at async DevServer.renderToResponseImpl (C:\Users\Prince\Desktop\Provia\Provia\my-app\node_modules\next\dist\server\base-server.js:1639:32)
    at async DevServer.pipeImpl (C:\Users\Prince\Desktop\Provia\Provia\my-app\node_modules\next\dist\server\base-server.js:1088:25)
    at async NextNodeServer.handleCatchallRenderRequest (C:\Users\Prince\Desktop\Provia\Provia\my-app\node_modules\next\dist\server\next-server.js:338:17)
    at async DevServer.handleRequestImpl (C:\Users\Prince\Desktop\Provia\Provia\my-app\node_modules\next\dist\server\base-server.js:979:17)
    at async C:\Users\Prince\Desktop\Provia\Provia\my-app\node_modules\next\dist\server\dev\next-dev-server.js:426:20
    at async Span.traceAsyncFn (C:\Users\Prince\Desktop\Provia\Provia\my-app\node_modules\next\dist\trace\trace.js:164:20)
    at async DevServer.handleRequest (C:\Users\Prince\Desktop\Provia\Provia\my-app\node_modules\next\dist\server\dev\next-dev-server.js:422:24)
    at async invokeRender (C:\Users\Prince\Desktop\Provia\Provia\my-app\node_modules\next\dist\server\lib\router-server.js:306:21)
    at async handleRequest (C:\Users\Prince\Desktop\Provia\Provia\my-app\node_modules\next\dist\server\lib\router-server.js:508:24)
    at async requestHandlerImpl (C:\Users\Prince\Desktop\Provia\Provia\my-app\node_modules\next\dist\server\lib\router-server.js:565:13)
    at async Server.requestListener (C:\Users\Prince\Desktop\Provia\Provia\my-app\node_modules\next\dist\server\lib\start-server.js:225:13)\n\n2026-08-27T15:42:49.181Z\nUnauthorizedError: Not authenticated
    at C:\Users\Prince\Desktop\Provia\Provia\my-app\.next\dev\server\chunks\[root-of-the-server]__0dqy24f._.js:92:15
    at async C:\Users\Prince\Desktop\Provia\Provia\my-app\.next\dev\server\chunks\[root-of-the-server]__0dqy24f._.js:179:30
    at async AppRouteRouteModule.do (C:\Users\Prince\Desktop\Provia\Provia\my-app\node_modules\next\dist\compiled\next-server\app-route-turbo.runtime.dev.js:5:42793)
    at async AppRouteRouteModule.handle (C:\Users\Prince\Desktop\Provia\Provia\my-app\node_modules\next\dist\compiled\next-server\app-route-turbo.runtime.dev.js:5:50547)
    at async responseGenerator (C:\Users\Prince\Desktop\Provia\Provia\my-app\.next\dev\server\chunks\node_modules_next_0tyj8lk._.js:4709:30)
    at async AppRouteRouteModule.handleResponse (C:\Users\Prince\Desktop\Provia\Provia\my-app\node_modules\next\dist\compiled\next-server\app-route-turbo.runtime.dev.js:1:250160)
    at async handleResponse (C:\Users\Prince\Desktop\Provia\Provia\my-app\.next\dev\server\chunks\node_modules_next_0tyj8lk._.js:4781:32)
    at async Module.handler (C:\Users\Prince\Desktop\Provia\Provia\my-app\.next\dev\server\chunks\node_modules_next_0tyj8lk._.js:4901:9)
    at async DevServer.renderToResponseWithComponentsImpl (C:\Users\Prince\Desktop\Provia\Provia\my-app\node_modules\next\dist\server\base-server.js:1537:9)
    at async DevServer.renderPageComponent (C:\Users\Prince\Desktop\Provia\Provia\my-app\node_modules\next\dist\server\base-server.js:1589:24)
    at async DevServer.renderToResponseImpl (C:\Users\Prince\Desktop\Provia\Provia\my-app\node_modules\next\dist\server\base-server.js:1639:32)
    at async DevServer.pipeImpl (C:\Users\Prince\Desktop\Provia\Provia\my-app\node_modules\next\dist\server\base-server.js:1088:25)
    at async NextNodeServer.handleCatchallRenderRequest (C:\Users\Prince\Desktop\Provia\Provia\my-app\node_modules\next\dist\server\next-server.js:338:17)
    at async DevServer.handleRequestImpl (C:\Users\Prince\Desktop\Provia\Provia\my-app\node_modules\next\dist\server\base-server.js:979:17)
    at async C:\Users\Prince\Desktop\Provia\Provia\my-app\node_modules\next\dist\server\dev\next-dev-server.js:426:20
    at async Span.traceAsyncFn (C:\Users\Prince\Desktop\Provia\Provia\my-app\node_modules\next\dist\trace\trace.js:164:20)
    at async DevServer.handleRequest (C:\Users\Prince\Desktop\Provia\Provia\my-app\node_modules\next\dist\server\dev\next-dev-server.js:422:24)
    at async invokeRender (C:\Users\Prince\Desktop\Provia\Provia\my-app\node_modules\next\dist\server\lib\router-server.js:306:21)
    at async handleRequest (C:\Users\Prince\Desktop\Provia\Provia\my-app\node_modules\next\dist\server\lib\router-server.js:508:24)
    at async requestHandlerImpl (C:\Users\Prince\Desktop\Provia\Provia\my-app\node_modules\next\dist\server\lib\router-server.js:565:13)
    at async Server.requestListener (C:\Users\Prince\Desktop\Provia\Provia\my-app\node_modules\next\dist\server\lib\start-server.js:225:13)\n\n2026-08-27T15:43:14.989Z\nAPIError: Please verify your email before signing in.
    at C:\Users\Prince\Desktop\Provia\Provia\my-app\.next\dev\server\chunks\[root-of-the-server]__0am3czj._.js:204:15
    at process.processTicksAndRejections (node:internal/process/task_queues:103:5)
    at async C:\Users\Prince\Desktop\Provia\Provia\my-app\.next\dev\server\chunks\[root-of-the-server]__0dqy24f._.js:179:30
    at async AppRouteRouteModule.do (C:\Users\Prince\Desktop\Provia\Provia\my-app\node_modules\next\dist\compiled\next-server\app-route-turbo.runtime.dev.js:5:42793)
    at async AppRouteRouteModule.handle (C:\Users\Prince\Desktop\Provia\Provia\my-app\node_modules\next\dist\compiled\next-server\app-route-turbo.runtime.dev.js:5:50547)
    at async responseGenerator (C:\Users\Prince\Desktop\Provia\Provia\my-app\.next\dev\server\chunks\node_modules_next_0i8t03v._.js:4709:30)
    at async AppRouteRouteModule.handleResponse (C:\Users\Prince\Desktop\Provia\Provia\my-app\node_modules\next\dist\compiled\next-server\app-route-turbo.runtime.dev.js:1:250160)
    at async handleResponse (C:\Users\Prince\Desktop\Provia\Provia\my-app\.next\dev\server\chunks\node_modules_next_0i8t03v._.js:4781:32)
    at async Module.handler (C:\Users\Prince\Desktop\Provia\Provia\my-app\.next\dev\server\chunks\node_modules_next_0i8t03v._.js:4901:9)
    at async DevServer.renderToResponseWithComponentsImpl (C:\Users\Prince\Desktop\Provia\Provia\my-app\node_modules\next\dist\server\base-server.js:1537:9)
    at async DevServer.renderPageComponent (C:\Users\Prince\Desktop\Provia\Provia\my-app\node_modules\next\dist\server\base-server.js:1589:24)
    at async DevServer.renderToResponseImpl (C:\Users\Prince\Desktop\Provia\Provia\my-app\node_modules\next\dist\server\base-server.js:1639:32)
    at async DevServer.pipeImpl (C:\Users\Prince\Desktop\Provia\Provia\my-app\node_modules\next\dist\server\base-server.js:1088:25)
    at async NextNodeServer.handleCatchallRenderRequest (C:\Users\Prince\Desktop\Provia\Provia\my-app\node_modules\next\dist\server\next-server.js:338:17)
    at async DevServer.handleRequestImpl (C:\Users\Prince\Desktop\Provia\Provia\my-app\node_modules\next\dist\server\base-server.js:979:17)
    at async C:\Users\Prince\Desktop\Provia\Provia\my-app\node_modules\next\dist\server\dev\next-dev-server.js:426:20
    at async Span.traceAsyncFn (C:\Users\Prince\Desktop\Provia\Provia\my-app\node_modules\next\dist\trace\trace.js:164:20)
    at async DevServer.handleRequest (C:\Users\Prince\Desktop\Provia\Provia\my-app\node_modules\next\dist\server\dev\next-dev-server.js:422:24)
    at async invokeRender (C:\Users\Prince\Desktop\Provia\Provia\my-app\node_modules\next\dist\server\lib\router-server.js:306:21)
    at async handleRequest (C:\Users\Prince\Desktop\Provia\Provia\my-app\node_modules\next\dist\server\lib\router-server.js:508:24)
    at async requestHandlerImpl (C:\Users\Prince\Desktop\Provia\Provia\my-app\node_modules\next\dist\server\lib\router-server.js:565:13)
    at async Server.requestListener (C:\Users\Prince\Desktop\Provia\Provia\my-app\node_modules\next\dist\server\lib\start-server.js:225:13)\n\n2026-08-27T15:49:45.987Z\nUnauthorizedError: Not authenticated
    at C:\Users\Prince\Desktop\Provia\Provia\my-app\.next\dev\server\chunks\[root-of-the-server]__0dqy24f._.js:92:15
    at async C:\Users\Prince\Desktop\Provia\Provia\my-app\.next\dev\server\chunks\[root-of-the-server]__0dqy24f._.js:179:30
    at async AppRouteRouteModule.do (C:\Users\Prince\Desktop\Provia\Provia\my-app\node_modules\next\dist\compiled\next-server\app-route-turbo.runtime.dev.js:5:42793)
    at async AppRouteRouteModule.handle (C:\Users\Prince\Desktop\Provia\Provia\my-app\node_modules\next\dist\compiled\next-server\app-route-turbo.runtime.dev.js:5:50547)
    at async responseGenerator (C:\Users\Prince\Desktop\Provia\Provia\my-app\.next\dev\server\chunks\node_modules_next_0tyj8lk._.js:4709:30)
    at async AppRouteRouteModule.handleResponse (C:\Users\Prince\Desktop\Provia\Provia\my-app\node_modules\next\dist\compiled\next-server\app-route-turbo.runtime.dev.js:1:250160)
    at async handleResponse (C:\Users\Prince\Desktop\Provia\Provia\my-app\.next\dev\server\chunks\node_modules_next_0tyj8lk._.js:4781:32)
    at async Module.handler (C:\Users\Prince\Desktop\Provia\Provia\my-app\.next\dev\server\chunks\node_modules_next_0tyj8lk._.js:4901:9)
    at async DevServer.renderToResponseWithComponentsImpl (C:\Users\Prince\Desktop\Provia\Provia\my-app\node_modules\next\dist\server\base-server.js:1537:9)
    at async DevServer.renderPageComponent (C:\Users\Prince\Desktop\Provia\Provia\my-app\node_modules\next\dist\server\base-server.js:1589:24)
    at async DevServer.renderToResponseImpl (C:\Users\Prince\Desktop\Provia\Provia\my-app\node_modules\next\dist\server\base-server.js:1639:32)
    at async DevServer.pipeImpl (C:\Users\Prince\Desktop\Provia\Provia\my-app\node_modules\next\dist\server\base-server.js:1088:25)
    at async NextNodeServer.handleCatchallRenderRequest (C:\Users\Prince\Desktop\Provia\Provia\my-app\node_modules\next\dist\server\next-server.js:338:17)
    at async DevServer.handleRequestImpl (C:\Users\Prince\Desktop\Provia\Provia\my-app\node_modules\next\dist\server\base-server.js:979:17)
    at async C:\Users\Prince\Desktop\Provia\Provia\my-app\node_modules\next\dist\server\dev\next-dev-server.js:426:20
    at async Span.traceAsyncFn (C:\Users\Prince\Desktop\Provia\Provia\my-app\node_modules\next\dist\trace\trace.js:164:20)
    at async DevServer.handleRequest (C:\Users\Prince\Desktop\Provia\Provia\my-app\node_modules\next\dist\server\dev\next-dev-server.js:422:24)
    at async invokeRender (C:\Users\Prince\Desktop\Provia\Provia\my-app\node_modules\next\dist\server\lib\router-server.js:306:21)
    at async handleRequest (C:\Users\Prince\Desktop\Provia\Provia\my-app\node_modules\next\dist\server\lib\router-server.js:508:24)
    at async requestHandlerImpl (C:\Users\Prince\Desktop\Provia\Provia\my-app\node_modules\next\dist\server\lib\router-server.js:565:13)
    at async Server.requestListener (C:\Users\Prince\Desktop\Provia\Provia\my-app\node_modules\next\dist\server\lib\start-server.js:225:13)\n\n2026-08-27T15:49:46.082Z\nUnauthorizedError: Not authenticated
    at C:\Users\Prince\Desktop\Provia\Provia\my-app\.next\dev\server\chunks\[root-of-the-server]__0dqy24f._.js:92:15
    at async C:\Users\Prince\Desktop\Provia\Provia\my-app\.next\dev\server\chunks\[root-of-the-server]__0dqy24f._.js:179:30
    at async AppRouteRouteModule.do (C:\Users\Prince\Desktop\Provia\Provia\my-app\node_modules\next\dist\compiled\next-server\app-route-turbo.runtime.dev.js:5:42793)
    at async AppRouteRouteModule.handle (C:\Users\Prince\Desktop\Provia\Provia\my-app\node_modules\next\dist\compiled\next-server\app-route-turbo.runtime.dev.js:5:50547)
    at async responseGenerator (C:\Users\Prince\Desktop\Provia\Provia\my-app\.next\dev\server\chunks\node_modules_next_0tyj8lk._.js:4709:30)
    at async AppRouteRouteModule.handleResponse (C:\Users\Prince\Desktop\Provia\Provia\my-app\node_modules\next\dist\compiled\next-server\app-route-turbo.runtime.dev.js:1:250160)
    at async handleResponse (C:\Users\Prince\Desktop\Provia\Provia\my-app\.next\dev\server\chunks\node_modules_next_0tyj8lk._.js:4781:32)
    at async Module.handler (C:\Users\Prince\Desktop\Provia\Provia\my-app\.next\dev\server\chunks\node_modules_next_0tyj8lk._.js:4901:9)
    at async DevServer.renderToResponseWithComponentsImpl (C:\Users\Prince\Desktop\Provia\Provia\my-app\node_modules\next\dist\server\base-server.js:1537:9)
    at async DevServer.renderPageComponent (C:\Users\Prince\Desktop\Provia\Provia\my-app\node_modules\next\dist\server\base-server.js:1589:24)
    at async DevServer.renderToResponseImpl (C:\Users\Prince\Desktop\Provia\Provia\my-app\node_modules\next\dist\server\base-server.js:1639:32)
    at async DevServer.pipeImpl (C:\Users\Prince\Desktop\Provia\Provia\my-app\node_modules\next\dist\server\base-server.js:1088:25)
    at async NextNodeServer.handleCatchallRenderRequest (C:\Users\Prince\Desktop\Provia\Provia\my-app\node_modules\next\dist\server\next-server.js:338:17)
    at async DevServer.handleRequestImpl (C:\Users\Prince\Desktop\Provia\Provia\my-app\node_modules\next\dist\server\base-server.js:979:17)
    at async C:\Users\Prince\Desktop\Provia\Provia\my-app\node_modules\next\dist\server\dev\next-dev-server.js:426:20
    at async Span.traceAsyncFn (C:\Users\Prince\Desktop\Provia\Provia\my-app\node_modules\next\dist\trace\trace.js:164:20)
    at async DevServer.handleRequest (C:\Users\Prince\Desktop\Provia\Provia\my-app\node_modules\next\dist\server\dev\next-dev-server.js:422:24)
    at async invokeRender (C:\Users\Prince\Desktop\Provia\Provia\my-app\node_modules\next\dist\server\lib\router-server.js:306:21)
    at async handleRequest (C:\Users\Prince\Desktop\Provia\Provia\my-app\node_modules\next\dist\server\lib\router-server.js:508:24)
    at async requestHandlerImpl (C:\Users\Prince\Desktop\Provia\Provia\my-app\node_modules\next\dist\server\lib\router-server.js:565:13)
    at async Server.requestListener (C:\Users\Prince\Desktop\Provia\Provia\my-app\node_modules\next\dist\server\lib\start-server.js:225:13)\n\n2026-08-27T15:50:09.708Z\nAPIError: Please verify your email before signing in.
    at C:\Users\Prince\Desktop\Provia\Provia\my-app\.next\dev\server\chunks\[root-of-the-server]__0am3czj._.js:204:15
    at process.processTicksAndRejections (node:internal/process/task_queues:103:5)
    at async C:\Users\Prince\Desktop\Provia\Provia\my-app\.next\dev\server\chunks\[root-of-the-server]__0dqy24f._.js:179:30
    at async AppRouteRouteModule.do (C:\Users\Prince\Desktop\Provia\Provia\my-app\node_modules\next\dist\compiled\next-server\app-route-turbo.runtime.dev.js:5:42793)
    at async AppRouteRouteModule.handle (C:\Users\Prince\Desktop\Provia\Provia\my-app\node_modules\next\dist\compiled\next-server\app-route-turbo.runtime.dev.js:5:50547)
    at async responseGenerator (C:\Users\Prince\Desktop\Provia\Provia\my-app\.next\dev\server\chunks\node_modules_next_0i8t03v._.js:4709:30)
    at async AppRouteRouteModule.handleResponse (C:\Users\Prince\Desktop\Provia\Provia\my-app\node_modules\next\dist\compiled\next-server\app-route-turbo.runtime.dev.js:1:250160)
    at async handleResponse (C:\Users\Prince\Desktop\Provia\Provia\my-app\.next\dev\server\chunks\node_modules_next_0i8t03v._.js:4781:32)
    at async Module.handler (C:\Users\Prince\Desktop\Provia\Provia\my-app\.next\dev\server\chunks\node_modules_next_0i8t03v._.js:4901:9)
    at async DevServer.renderToResponseWithComponentsImpl (C:\Users\Prince\Desktop\Provia\Provia\my-app\node_modules\next\dist\server\base-server.js:1537:9)
    at async DevServer.renderPageComponent (C:\Users\Prince\Desktop\Provia\Provia\my-app\node_modules\next\dist\server\base-server.js:1589:24)
    at async DevServer.renderToResponseImpl (C:\Users\Prince\Desktop\Provia\Provia\my-app\node_modules\next\dist\server\base-server.js:1639:32)
    at async DevServer.pipeImpl (C:\Users\Prince\Desktop\Provia\Provia\my-app\node_modules\next\dist\server\base-server.js:1088:25)
    at async NextNodeServer.handleCatchallRenderRequest (C:\Users\Prince\Desktop\Provia\Provia\my-app\node_modules\next\dist\server\next-server.js:338:17)
    at async DevServer.handleRequestImpl (C:\Users\Prince\Desktop\Provia\Provia\my-app\node_modules\next\dist\server\base-server.js:979:17)
    at async C:\Users\Prince\Desktop\Provia\Provia\my-app\node_modules\next\dist\server\dev\next-dev-server.js:426:20
    at async Span.traceAsyncFn (C:\Users\Prince\Desktop\Provia\Provia\my-app\node_modules\next\dist\trace\trace.js:164:20)
    at async DevServer.handleRequest (C:\Users\Prince\Desktop\Provia\Provia\my-app\node_modules\next\dist\server\dev\next-dev-server.js:422:24)
    at async invokeRender (C:\Users\Prince\Desktop\Provia\Provia\my-app\node_modules\next\dist\server\lib\router-server.js:306:21)
    at async handleRequest (C:\Users\Prince\Desktop\Provia\Provia\my-app\node_modules\next\dist\server\lib\router-server.js:508:24)
    at async requestHandlerImpl (C:\Users\Prince\Desktop\Provia\Provia\my-app\node_modules\next\dist\server\lib\router-server.js:565:13)
    at async Server.requestListener (C:\Users\Prince\Desktop\Provia\Provia\my-app\node_modules\next\dist\server\lib\start-server.js:225:13)\n\n2026-08-27T15:50:58.779Z\nUnauthorizedError: Not authenticated
    at C:\Users\Prince\Desktop\Provia\Provia\my-app\.next\dev\server\chunks\[root-of-the-server]__0dqy24f._.js:92:15
    at async C:\Users\Prince\Desktop\Provia\Provia\my-app\.next\dev\server\chunks\[root-of-the-server]__0dqy24f._.js:179:30
    at async AppRouteRouteModule.do (C:\Users\Prince\Desktop\Provia\Provia\my-app\node_modules\next\dist\compiled\next-server\app-route-turbo.runtime.dev.js:5:42793)
    at async AppRouteRouteModule.handle (C:\Users\Prince\Desktop\Provia\Provia\my-app\node_modules\next\dist\compiled\next-server\app-route-turbo.runtime.dev.js:5:50547)
    at async responseGenerator (C:\Users\Prince\Desktop\Provia\Provia\my-app\.next\dev\server\chunks\node_modules_next_0tyj8lk._.js:4709:30)
    at async AppRouteRouteModule.handleResponse (C:\Users\Prince\Desktop\Provia\Provia\my-app\node_modules\next\dist\compiled\next-server\app-route-turbo.runtime.dev.js:1:250160)
    at async handleResponse (C:\Users\Prince\Desktop\Provia\Provia\my-app\.next\dev\server\chunks\node_modules_next_0tyj8lk._.js:4781:32)
    at async Module.handler (C:\Users\Prince\Desktop\Provia\Provia\my-app\.next\dev\server\chunks\node_modules_next_0tyj8lk._.js:4901:9)
    at async DevServer.renderToResponseWithComponentsImpl (C:\Users\Prince\Desktop\Provia\Provia\my-app\node_modules\next\dist\server\base-server.js:1537:9)
    at async DevServer.renderPageComponent (C:\Users\Prince\Desktop\Provia\Provia\my-app\node_modules\next\dist\server\base-server.js:1589:24)
    at async DevServer.renderToResponseImpl (C:\Users\Prince\Desktop\Provia\Provia\my-app\node_modules\next\dist\server\base-server.js:1639:32)
    at async DevServer.pipeImpl (C:\Users\Prince\Desktop\Provia\Provia\my-app\node_modules\next\dist\server\base-server.js:1088:25)
    at async NextNodeServer.handleCatchallRenderRequest (C:\Users\Prince\Desktop\Provia\Provia\my-app\node_modules\next\dist\server\next-server.js:338:17)
    at async DevServer.handleRequestImpl (C:\Users\Prince\Desktop\Provia\Provia\my-app\node_modules\next\dist\server\base-server.js:979:17)
    at async C:\Users\Prince\Desktop\Provia\Provia\my-app\node_modules\next\dist\server\dev\next-dev-server.js:426:20
    at async Span.traceAsyncFn (C:\Users\Prince\Desktop\Provia\Provia\my-app\node_modules\next\dist\trace\trace.js:164:20)
    at async DevServer.handleRequest (C:\Users\Prince\Desktop\Provia\Provia\my-app\node_modules\next\dist\server\dev\next-dev-server.js:422:24)
    at async invokeRender (C:\Users\Prince\Desktop\Provia\Provia\my-app\node_modules\next\dist\server\lib\router-server.js:306:21)
    at async handleRequest (C:\Users\Prince\Desktop\Provia\Provia\my-app\node_modules\next\dist\server\lib\router-server.js:508:24)
    at async requestHandlerImpl (C:\Users\Prince\Desktop\Provia\Provia\my-app\node_modules\next\dist\server\lib\router-server.js:565:13)
    at async Server.requestListener (C:\Users\Prince\Desktop\Provia\Provia\my-app\node_modules\next\dist\server\lib\start-server.js:225:13)\n\n2026-08-27T15:50:59.668Z\nUnauthorizedError: Not authenticated
    at C:\Users\Prince\Desktop\Provia\Provia\my-app\.next\dev\server\chunks\[root-of-the-server]__0dqy24f._.js:92:15
    at async C:\Users\Prince\Desktop\Provia\Provia\my-app\.next\dev\server\chunks\[root-of-the-server]__0dqy24f._.js:179:30
    at async AppRouteRouteModule.do (C:\Users\Prince\Desktop\Provia\Provia\my-app\node_modules\next\dist\compiled\next-server\app-route-turbo.runtime.dev.js:5:42793)
    at async AppRouteRouteModule.handle (C:\Users\Prince\Desktop\Provia\Provia\my-app\node_modules\next\dist\compiled\next-server\app-route-turbo.runtime.dev.js:5:50547)
    at async responseGenerator (C:\Users\Prince\Desktop\Provia\Provia\my-app\.next\dev\server\chunks\node_modules_next_0tyj8lk._.js:4709:30)
    at async AppRouteRouteModule.handleResponse (C:\Users\Prince\Desktop\Provia\Provia\my-app\node_modules\next\dist\compiled\next-server\app-route-turbo.runtime.dev.js:1:250160)
    at async handleResponse (C:\Users\Prince\Desktop\Provia\Provia\my-app\.next\dev\server\chunks\node_modules_next_0tyj8lk._.js:4781:32)
    at async Module.handler (C:\Users\Prince\Desktop\Provia\Provia\my-app\.next\dev\server\chunks\node_modules_next_0tyj8lk._.js:4901:9)
    at async DevServer.renderToResponseWithComponentsImpl (C:\Users\Prince\Desktop\Provia\Provia\my-app\node_modules\next\dist\server\base-server.js:1537:9)
    at async DevServer.renderPageComponent (C:\Users\Prince\Desktop\Provia\Provia\my-app\node_modules\next\dist\server\base-server.js:1589:24)
    at async DevServer.renderToResponseImpl (C:\Users\Prince\Desktop\Provia\Provia\my-app\node_modules\next\dist\server\base-server.js:1639:32)
    at async DevServer.pipeImpl (C:\Users\Prince\Desktop\Provia\Provia\my-app\node_modules\next\dist\server\base-server.js:1088:25)
    at async NextNodeServer.handleCatchallRenderRequest (C:\Users\Prince\Desktop\Provia\Provia\my-app\node_modules\next\dist\server\next-server.js:338:17)
    at async DevServer.handleRequestImpl (C:\Users\Prince\Desktop\Provia\Provia\my-app\node_modules\next\dist\server\base-server.js:979:17)
    at async C:\Users\Prince\Desktop\Provia\Provia\my-app\node_modules\next\dist\server\dev\next-dev-server.js:426:20
    at async Span.traceAsyncFn (C:\Users\Prince\Desktop\Provia\Provia\my-app\node_modules\next\dist\trace\trace.js:164:20)
    at async DevServer.handleRequest (C:\Users\Prince\Desktop\Provia\Provia\my-app\node_modules\next\dist\server\dev\next-dev-server.js:422:24)
    at async invokeRender (C:\Users\Prince\Desktop\Provia\Provia\my-app\node_modules\next\dist\server\lib\router-server.js:306:21)
    at async handleRequest (C:\Users\Prince\Desktop\Provia\Provia\my-app\node_modules\next\dist\server\lib\router-server.js:508:24)
    at async requestHandlerImpl (C:\Users\Prince\Desktop\Provia\Provia\my-app\node_modules\next\dist\server\lib\router-server.js:565:13)
    at async Server.requestListener (C:\Users\Prince\Desktop\Provia\Provia\my-app\node_modules\next\dist\server\lib\start-server.js:225:13)\n\n2026-08-27T15:51:28.010Z\nAPIError: Please verify your email before signing in.
    at eval (file:///C:/Users/Prince/Desktop/Provia/Provia/my-app/.next/dev/server/chunks/%5Broot-of-the-server%5D__1xws3ug._.js?id=%5Bproject%5D/app/api/v1/auth/register/route.ts+%5Bapp-route%5D+(ecmascript):62:19)
    at async C:\Users\Prince\Desktop\Provia\Provia\my-app\.next\dev\server\chunks\[root-of-the-server]__0dqy24f._.js:179:30
    at async AppRouteRouteModule.do (C:\Users\Prince\Desktop\Provia\Provia\my-app\node_modules\next\dist\compiled\next-server\app-route-turbo.runtime.dev.js:5:42793)
    at async AppRouteRouteModule.handle (C:\Users\Prince\Desktop\Provia\Provia\my-app\node_modules\next\dist\compiled\next-server\app-route-turbo.runtime.dev.js:5:50547)
    at async responseGenerator (C:\Users\Prince\Desktop\Provia\Provia\my-app\.next\dev\server\chunks\node_modules_next_0acld36._.js:4709:30)
    at async AppRouteRouteModule.handleResponse (C:\Users\Prince\Desktop\Provia\Provia\my-app\node_modules\next\dist\compiled\next-server\app-route-turbo.runtime.dev.js:1:250160)
    at async handleResponse (C:\Users\Prince\Desktop\Provia\Provia\my-app\.next\dev\server\chunks\node_modules_next_0acld36._.js:4781:32)
    at async Module.handler (C:\Users\Prince\Desktop\Provia\Provia\my-app\.next\dev\server\chunks\node_modules_next_0acld36._.js:4901:9)
    at async DevServer.renderToResponseWithComponentsImpl (C:\Users\Prince\Desktop\Provia\Provia\my-app\node_modules\next\dist\server\base-server.js:1537:9)
    at async DevServer.renderPageComponent (C:\Users\Prince\Desktop\Provia\Provia\my-app\node_modules\next\dist\server\base-server.js:1589:24)
    at async DevServer.renderToResponseImpl (C:\Users\Prince\Desktop\Provia\Provia\my-app\node_modules\next\dist\server\base-server.js:1639:32)
    at async DevServer.pipeImpl (C:\Users\Prince\Desktop\Provia\Provia\my-app\node_modules\next\dist\server\base-server.js:1088:25)
    at async NextNodeServer.handleCatchallRenderRequest (C:\Users\Prince\Desktop\Provia\Provia\my-app\node_modules\next\dist\server\next-server.js:338:17)
    at async DevServer.handleRequestImpl (C:\Users\Prince\Desktop\Provia\Provia\my-app\node_modules\next\dist\server\base-server.js:979:17)
    at async C:\Users\Prince\Desktop\Provia\Provia\my-app\node_modules\next\dist\server\dev\next-dev-server.js:426:20
    at async Span.traceAsyncFn (C:\Users\Prince\Desktop\Provia\Provia\my-app\node_modules\next\dist\trace\trace.js:164:20)
    at async DevServer.handleRequest (C:\Users\Prince\Desktop\Provia\Provia\my-app\node_modules\next\dist\server\dev\next-dev-server.js:422:24)
    at async invokeRender (C:\Users\Prince\Desktop\Provia\Provia\my-app\node_modules\next\dist\server\lib\router-server.js:306:21)
    at async handleRequest (C:\Users\Prince\Desktop\Provia\Provia\my-app\node_modules\next\dist\server\lib\router-server.js:508:24)
    at async requestHandlerImpl (C:\Users\Prince\Desktop\Provia\Provia\my-app\node_modules\next\dist\server\lib\router-server.js:565:13)
    at async Server.requestListener (C:\Users\Prince\Desktop\Provia\Provia\my-app\node_modules\next\dist\server\lib\start-server.js:225:13)\n\n2026-08-27T15:52:22.656Z\nAPIError: Please verify your email before signing in.
    at eval (file:///C:/Users/Prince/Desktop/Provia/Provia/my-app/.next/dev/server/chunks/%5Broot-of-the-server%5D__1xws3ug._.js?id=%5Bproject%5D/app/api/v1/auth/register/route.ts+%5Bapp-route%5D+(ecmascript):62:19)
    at async C:\Users\Prince\Desktop\Provia\Provia\my-app\.next\dev\server\chunks\[root-of-the-server]__0dqy24f._.js:179:30
    at async AppRouteRouteModule.do (C:\Users\Prince\Desktop\Provia\Provia\my-app\node_modules\next\dist\compiled\next-server\app-route-turbo.runtime.dev.js:5:42793)
    at async AppRouteRouteModule.handle (C:\Users\Prince\Desktop\Provia\Provia\my-app\node_modules\next\dist\compiled\next-server\app-route-turbo.runtime.dev.js:5:50547)
    at async responseGenerator (C:\Users\Prince\Desktop\Provia\Provia\my-app\.next\dev\server\chunks\node_modules_next_0acld36._.js:4709:30)
    at async AppRouteRouteModule.handleResponse (C:\Users\Prince\Desktop\Provia\Provia\my-app\node_modules\next\dist\compiled\next-server\app-route-turbo.runtime.dev.js:1:250160)
    at async handleResponse (C:\Users\Prince\Desktop\Provia\Provia\my-app\.next\dev\server\chunks\node_modules_next_0acld36._.js:4781:32)
    at async Module.handler (C:\Users\Prince\Desktop\Provia\Provia\my-app\.next\dev\server\chunks\node_modules_next_0acld36._.js:4901:9)
    at async DevServer.renderToResponseWithComponentsImpl (C:\Users\Prince\Desktop\Provia\Provia\my-app\node_modules\next\dist\server\base-server.js:1537:9)
    at async DevServer.renderPageComponent (C:\Users\Prince\Desktop\Provia\Provia\my-app\node_modules\next\dist\server\base-server.js:1589:24)
    at async DevServer.renderToResponseImpl (C:\Users\Prince\Desktop\Provia\Provia\my-app\node_modules\next\dist\server\base-server.js:1639:32)
    at async DevServer.pipeImpl (C:\Users\Prince\Desktop\Provia\Provia\my-app\node_modules\next\dist\server\base-server.js:1088:25)
    at async NextNodeServer.handleCatchallRenderRequest (C:\Users\Prince\Desktop\Provia\Provia\my-app\node_modules\next\dist\server\next-server.js:338:17)
    at async DevServer.handleRequestImpl (C:\Users\Prince\Desktop\Provia\Provia\my-app\node_modules\next\dist\server\base-server.js:979:17)
    at async C:\Users\Prince\Desktop\Provia\Provia\my-app\node_modules\next\dist\server\dev\next-dev-server.js:426:20
    at async Span.traceAsyncFn (C:\Users\Prince\Desktop\Provia\Provia\my-app\node_modules\next\dist\trace\trace.js:164:20)
    at async DevServer.handleRequest (C:\Users\Prince\Desktop\Provia\Provia\my-app\node_modules\next\dist\server\dev\next-dev-server.js:422:24)
    at async invokeRender (C:\Users\Prince\Desktop\Provia\Provia\my-app\node_modules\next\dist\server\lib\router-server.js:306:21)
    at async handleRequest (C:\Users\Prince\Desktop\Provia\Provia\my-app\node_modules\next\dist\server\lib\router-server.js:508:24)
    at async requestHandlerImpl (C:\Users\Prince\Desktop\Provia\Provia\my-app\node_modules\next\dist\server\lib\router-server.js:565:13)
    at async Server.requestListener (C:\Users\Prince\Desktop\Provia\Provia\my-app\node_modules\next\dist\server\lib\start-server.js:225:13)\n\n2026-08-27T15:54:46.867Z\nUnauthorizedError: Not authenticated
    at C:\Users\Prince\Desktop\Provia\Provia\my-app\.next\dev\server\chunks\[root-of-the-server]__0dqy24f._.js:92:15
    at async C:\Users\Prince\Desktop\Provia\Provia\my-app\.next\dev\server\chunks\[root-of-the-server]__0dqy24f._.js:179:30
    at async AppRouteRouteModule.do (C:\Users\Prince\Desktop\Provia\Provia\my-app\node_modules\next\dist\compiled\next-server\app-route-turbo.runtime.dev.js:5:42793)
    at async AppRouteRouteModule.handle (C:\Users\Prince\Desktop\Provia\Provia\my-app\node_modules\next\dist\compiled\next-server\app-route-turbo.runtime.dev.js:5:50547)
    at async responseGenerator (C:\Users\Prince\Desktop\Provia\Provia\my-app\.next\dev\server\chunks\node_modules_next_0tyj8lk._.js:4709:30)
    at async AppRouteRouteModule.handleResponse (C:\Users\Prince\Desktop\Provia\Provia\my-app\node_modules\next\dist\compiled\next-server\app-route-turbo.runtime.dev.js:1:250160)
    at async handleResponse (C:\Users\Prince\Desktop\Provia\Provia\my-app\.next\dev\server\chunks\node_modules_next_0tyj8lk._.js:4781:32)
    at async Module.handler (C:\Users\Prince\Desktop\Provia\Provia\my-app\.next\dev\server\chunks\node_modules_next_0tyj8lk._.js:4901:9)
    at async DevServer.renderToResponseWithComponentsImpl (C:\Users\Prince\Desktop\Provia\Provia\my-app\node_modules\next\dist\server\base-server.js:1537:9)
    at async DevServer.renderPageComponent (C:\Users\Prince\Desktop\Provia\Provia\my-app\node_modules\next\dist\server\base-server.js:1589:24)
    at async DevServer.renderToResponseImpl (C:\Users\Prince\Desktop\Provia\Provia\my-app\node_modules\next\dist\server\base-server.js:1639:32)
    at async DevServer.pipeImpl (C:\Users\Prince\Desktop\Provia\Provia\my-app\node_modules\next\dist\server\base-server.js:1088:25)
    at async NextNodeServer.handleCatchallRenderRequest (C:\Users\Prince\Desktop\Provia\Provia\my-app\node_modules\next\dist\server\next-server.js:338:17)
    at async DevServer.handleRequestImpl (C:\Users\Prince\Desktop\Provia\Provia\my-app\node_modules\next\dist\server\base-server.js:979:17)
    at async C:\Users\Prince\Desktop\Provia\Provia\my-app\node_modules\next\dist\server\dev\next-dev-server.js:426:20
    at async Span.traceAsyncFn (C:\Users\Prince\Desktop\Provia\Provia\my-app\node_modules\next\dist\trace\trace.js:164:20)
    at async DevServer.handleRequest (C:\Users\Prince\Desktop\Provia\Provia\my-app\node_modules\next\dist\server\dev\next-dev-server.js:422:24)
    at async invokeRender (C:\Users\Prince\Desktop\Provia\Provia\my-app\node_modules\next\dist\server\lib\router-server.js:306:21)
    at async handleRequest (C:\Users\Prince\Desktop\Provia\Provia\my-app\node_modules\next\dist\server\lib\router-server.js:508:24)
    at async requestHandlerImpl (C:\Users\Prince\Desktop\Provia\Provia\my-app\node_modules\next\dist\server\lib\router-server.js:565:13)
    at async Server.requestListener (C:\Users\Prince\Desktop\Provia\Provia\my-app\node_modules\next\dist\server\lib\start-server.js:225:13)\n\n2026-08-27T15:54:46.983Z\nUnauthorizedError: Not authenticated
    at C:\Users\Prince\Desktop\Provia\Provia\my-app\.next\dev\server\chunks\[root-of-the-server]__0dqy24f._.js:92:15
    at async C:\Users\Prince\Desktop\Provia\Provia\my-app\.next\dev\server\chunks\[root-of-the-server]__0dqy24f._.js:179:30
    at async AppRouteRouteModule.do (C:\Users\Prince\Desktop\Provia\Provia\my-app\node_modules\next\dist\compiled\next-server\app-route-turbo.runtime.dev.js:5:42793)
    at async AppRouteRouteModule.handle (C:\Users\Prince\Desktop\Provia\Provia\my-app\node_modules\next\dist\compiled\next-server\app-route-turbo.runtime.dev.js:5:50547)
    at async responseGenerator (C:\Users\Prince\Desktop\Provia\Provia\my-app\.next\dev\server\chunks\node_modules_next_0tyj8lk._.js:4709:30)
    at async AppRouteRouteModule.handleResponse (C:\Users\Prince\Desktop\Provia\Provia\my-app\node_modules\next\dist\compiled\next-server\app-route-turbo.runtime.dev.js:1:250160)
    at async handleResponse (C:\Users\Prince\Desktop\Provia\Provia\my-app\.next\dev\server\chunks\node_modules_next_0tyj8lk._.js:4781:32)
    at async Module.handler (C:\Users\Prince\Desktop\Provia\Provia\my-app\.next\dev\server\chunks\node_modules_next_0tyj8lk._.js:4901:9)
    at async DevServer.renderToResponseWithComponentsImpl (C:\Users\Prince\Desktop\Provia\Provia\my-app\node_modules\next\dist\server\base-server.js:1537:9)
    at async DevServer.renderPageComponent (C:\Users\Prince\Desktop\Provia\Provia\my-app\node_modules\next\dist\server\base-server.js:1589:24)
    at async DevServer.renderToResponseImpl (C:\Users\Prince\Desktop\Provia\Provia\my-app\node_modules\next\dist\server\base-server.js:1639:32)
    at async DevServer.pipeImpl (C:\Users\Prince\Desktop\Provia\Provia\my-app\node_modules\next\dist\server\base-server.js:1088:25)
    at async NextNodeServer.handleCatchallRenderRequest (C:\Users\Prince\Desktop\Provia\Provia\my-app\node_modules\next\dist\server\next-server.js:338:17)
    at async DevServer.handleRequestImpl (C:\Users\Prince\Desktop\Provia\Provia\my-app\node_modules\next\dist\server\base-server.js:979:17)
    at async C:\Users\Prince\Desktop\Provia\Provia\my-app\node_modules\next\dist\server\dev\next-dev-server.js:426:20
    at async Span.traceAsyncFn (C:\Users\Prince\Desktop\Provia\Provia\my-app\node_modules\next\dist\trace\trace.js:164:20)
    at async DevServer.handleRequest (C:\Users\Prince\Desktop\Provia\Provia\my-app\node_modules\next\dist\server\dev\next-dev-server.js:422:24)
    at async invokeRender (C:\Users\Prince\Desktop\Provia\Provia\my-app\node_modules\next\dist\server\lib\router-server.js:306:21)
    at async handleRequest (C:\Users\Prince\Desktop\Provia\Provia\my-app\node_modules\next\dist\server\lib\router-server.js:508:24)
    at async requestHandlerImpl (C:\Users\Prince\Desktop\Provia\Provia\my-app\node_modules\next\dist\server\lib\router-server.js:565:13)
    at async Server.requestListener (C:\Users\Prince\Desktop\Provia\Provia\my-app\node_modules\next\dist\server\lib\start-server.js:225:13)\n\n2026-08-27T15:55:57.779Z\nAPIError: Please verify your email before signing in.
    at C:\Users\Prince\Desktop\Provia\Provia\my-app\.next\dev\server\chunks\[root-of-the-server]__0am3czj._.js:204:15
    at process.processTicksAndRejections (node:internal/process/task_queues:103:5)
    at async C:\Users\Prince\Desktop\Provia\Provia\my-app\.next\dev\server\chunks\[root-of-the-server]__0dqy24f._.js:179:30
    at async AppRouteRouteModule.do (C:\Users\Prince\Desktop\Provia\Provia\my-app\node_modules\next\dist\compiled\next-server\app-route-turbo.runtime.dev.js:5:42793)
    at async AppRouteRouteModule.handle (C:\Users\Prince\Desktop\Provia\Provia\my-app\node_modules\next\dist\compiled\next-server\app-route-turbo.runtime.dev.js:5:50547)
    at async responseGenerator (C:\Users\Prince\Desktop\Provia\Provia\my-app\.next\dev\server\chunks\node_modules_next_0i8t03v._.js:4709:30)
    at async AppRouteRouteModule.handleResponse (C:\Users\Prince\Desktop\Provia\Provia\my-app\node_modules\next\dist\compiled\next-server\app-route-turbo.runtime.dev.js:1:250160)
    at async handleResponse (C:\Users\Prince\Desktop\Provia\Provia\my-app\.next\dev\server\chunks\node_modules_next_0i8t03v._.js:4781:32)
    at async Module.handler (C:\Users\Prince\Desktop\Provia\Provia\my-app\.next\dev\server\chunks\node_modules_next_0i8t03v._.js:4901:9)
    at async DevServer.renderToResponseWithComponentsImpl (C:\Users\Prince\Desktop\Provia\Provia\my-app\node_modules\next\dist\server\base-server.js:1537:9)
    at async DevServer.renderPageComponent (C:\Users\Prince\Desktop\Provia\Provia\my-app\node_modules\next\dist\server\base-server.js:1589:24)
    at async DevServer.renderToResponseImpl (C:\Users\Prince\Desktop\Provia\Provia\my-app\node_modules\next\dist\server\base-server.js:1639:32)
    at async DevServer.pipeImpl (C:\Users\Prince\Desktop\Provia\Provia\my-app\node_modules\next\dist\server\base-server.js:1088:25)
    at async NextNodeServer.handleCatchallRenderRequest (C:\Users\Prince\Desktop\Provia\Provia\my-app\node_modules\next\dist\server\next-server.js:338:17)
    at async DevServer.handleRequestImpl (C:\Users\Prince\Desktop\Provia\Provia\my-app\node_modules\next\dist\server\base-server.js:979:17)
    at async C:\Users\Prince\Desktop\Provia\Provia\my-app\node_modules\next\dist\server\dev\next-dev-server.js:426:20
    at async Span.traceAsyncFn (C:\Users\Prince\Desktop\Provia\Provia\my-app\node_modules\next\dist\trace\trace.js:164:20)
    at async DevServer.handleRequest (C:\Users\Prince\Desktop\Provia\Provia\my-app\node_modules\next\dist\server\dev\next-dev-server.js:422:24)
    at async invokeRender (C:\Users\Prince\Desktop\Provia\Provia\my-app\node_modules\next\dist\server\lib\router-server.js:306:21)
    at async handleRequest (C:\Users\Prince\Desktop\Provia\Provia\my-app\node_modules\next\dist\server\lib\router-server.js:508:24)
    at async requestHandlerImpl (C:\Users\Prince\Desktop\Provia\Provia\my-app\node_modules\next\dist\server\lib\router-server.js:565:13)
    at async Server.requestListener (C:\Users\Prince\Desktop\Provia\Provia\my-app\node_modules\next\dist\server\lib\start-server.js:225:13)\n\n2026-08-27T15:59:11.476Z\nUnauthorizedError: Not authenticated
    at C:\Users\Prince\Desktop\Provia\Provia\my-app\.next\dev\server\chunks\[root-of-the-server]__0dqy24f._.js:92:15
    at async C:\Users\Prince\Desktop\Provia\Provia\my-app\.next\dev\server\chunks\[root-of-the-server]__0dqy24f._.js:179:30
    at async AppRouteRouteModule.do (C:\Users\Prince\Desktop\Provia\Provia\my-app\node_modules\next\dist\compiled\next-server\app-route-turbo.runtime.dev.js:5:42793)
    at async AppRouteRouteModule.handle (C:\Users\Prince\Desktop\Provia\Provia\my-app\node_modules\next\dist\compiled\next-server\app-route-turbo.runtime.dev.js:5:50547)
    at async responseGenerator (C:\Users\Prince\Desktop\Provia\Provia\my-app\.next\dev\server\chunks\node_modules_next_0tyj8lk._.js:4709:30)
    at async AppRouteRouteModule.handleResponse (C:\Users\Prince\Desktop\Provia\Provia\my-app\node_modules\next\dist\compiled\next-server\app-route-turbo.runtime.dev.js:1:250160)
    at async handleResponse (C:\Users\Prince\Desktop\Provia\Provia\my-app\.next\dev\server\chunks\node_modules_next_0tyj8lk._.js:4781:32)
    at async Module.handler (C:\Users\Prince\Desktop\Provia\Provia\my-app\.next\dev\server\chunks\node_modules_next_0tyj8lk._.js:4901:9)
    at async DevServer.renderToResponseWithComponentsImpl (C:\Users\Prince\Desktop\Provia\Provia\my-app\node_modules\next\dist\server\base-server.js:1537:9)
    at async DevServer.renderPageComponent (C:\Users\Prince\Desktop\Provia\Provia\my-app\node_modules\next\dist\server\base-server.js:1589:24)
    at async DevServer.renderToResponseImpl (C:\Users\Prince\Desktop\Provia\Provia\my-app\node_modules\next\dist\server\base-server.js:1639:32)
    at async DevServer.pipeImpl (C:\Users\Prince\Desktop\Provia\Provia\my-app\node_modules\next\dist\server\base-server.js:1088:25)
    at async NextNodeServer.handleCatchallRenderRequest (C:\Users\Prince\Desktop\Provia\Provia\my-app\node_modules\next\dist\server\next-server.js:338:17)
    at async DevServer.handleRequestImpl (C:\Users\Prince\Desktop\Provia\Provia\my-app\node_modules\next\dist\server\base-server.js:979:17)
    at async C:\Users\Prince\Desktop\Provia\Provia\my-app\node_modules\next\dist\server\dev\next-dev-server.js:426:20
    at async Span.traceAsyncFn (C:\Users\Prince\Desktop\Provia\Provia\my-app\node_modules\next\dist\trace\trace.js:164:20)
    at async DevServer.handleRequest (C:\Users\Prince\Desktop\Provia\Provia\my-app\node_modules\next\dist\server\dev\next-dev-server.js:422:24)
    at async invokeRender (C:\Users\Prince\Desktop\Provia\Provia\my-app\node_modules\next\dist\server\lib\router-server.js:306:21)
    at async handleRequest (C:\Users\Prince\Desktop\Provia\Provia\my-app\node_modules\next\dist\server\lib\router-server.js:508:24)
    at async requestHandlerImpl (C:\Users\Prince\Desktop\Provia\Provia\my-app\node_modules\next\dist\server\lib\router-server.js:565:13)
    at async Server.requestListener (C:\Users\Prince\Desktop\Provia\Provia\my-app\node_modules\next\dist\server\lib\start-server.js:225:13)\n\n2026-08-27T15:59:11.665Z\nUnauthorizedError: Not authenticated
    at C:\Users\Prince\Desktop\Provia\Provia\my-app\.next\dev\server\chunks\[root-of-the-server]__0dqy24f._.js:92:15
    at async C:\Users\Prince\Desktop\Provia\Provia\my-app\.next\dev\server\chunks\[root-of-the-server]__0dqy24f._.js:179:30
    at async AppRouteRouteModule.do (C:\Users\Prince\Desktop\Provia\Provia\my-app\node_modules\next\dist\compiled\next-server\app-route-turbo.runtime.dev.js:5:42793)
    at async AppRouteRouteModule.handle (C:\Users\Prince\Desktop\Provia\Provia\my-app\node_modules\next\dist\compiled\next-server\app-route-turbo.runtime.dev.js:5:50547)
    at async responseGenerator (C:\Users\Prince\Desktop\Provia\Provia\my-app\.next\dev\server\chunks\node_modules_next_0tyj8lk._.js:4709:30)
    at async AppRouteRouteModule.handleResponse (C:\Users\Prince\Desktop\Provia\Provia\my-app\node_modules\next\dist\compiled\next-server\app-route-turbo.runtime.dev.js:1:250160)
    at async handleResponse (C:\Users\Prince\Desktop\Provia\Provia\my-app\.next\dev\server\chunks\node_modules_next_0tyj8lk._.js:4781:32)
    at async Module.handler (C:\Users\Prince\Desktop\Provia\Provia\my-app\.next\dev\server\chunks\node_modules_next_0tyj8lk._.js:4901:9)
    at async DevServer.renderToResponseWithComponentsImpl (C:\Users\Prince\Desktop\Provia\Provia\my-app\node_modules\next\dist\server\base-server.js:1537:9)
    at async DevServer.renderPageComponent (C:\Users\Prince\Desktop\Provia\Provia\my-app\node_modules\next\dist\server\base-server.js:1589:24)
    at async DevServer.renderToResponseImpl (C:\Users\Prince\Desktop\Provia\Provia\my-app\node_modules\next\dist\server\base-server.js:1639:32)
    at async DevServer.pipeImpl (C:\Users\Prince\Desktop\Provia\Provia\my-app\node_modules\next\dist\server\base-server.js:1088:25)
    at async NextNodeServer.handleCatchallRenderRequest (C:\Users\Prince\Desktop\Provia\Provia\my-app\node_modules\next\dist\server\next-server.js:338:17)
    at async DevServer.handleRequestImpl (C:\Users\Prince\Desktop\Provia\Provia\my-app\node_modules\next\dist\server\base-server.js:979:17)
    at async C:\Users\Prince\Desktop\Provia\Provia\my-app\node_modules\next\dist\server\dev\next-dev-server.js:426:20
    at async Span.traceAsyncFn (C:\Users\Prince\Desktop\Provia\Provia\my-app\node_modules\next\dist\trace\trace.js:164:20)
    at async DevServer.handleRequest (C:\Users\Prince\Desktop\Provia\Provia\my-app\node_modules\next\dist\server\dev\next-dev-server.js:422:24)
    at async invokeRender (C:\Users\Prince\Desktop\Provia\Provia\my-app\node_modules\next\dist\server\lib\router-server.js:306:21)
    at async handleRequest (C:\Users\Prince\Desktop\Provia\Provia\my-app\node_modules\next\dist\server\lib\router-server.js:508:24)
    at async requestHandlerImpl (C:\Users\Prince\Desktop\Provia\Provia\my-app\node_modules\next\dist\server\lib\router-server.js:565:13)
    at async Server.requestListener (C:\Users\Prince\Desktop\Provia\Provia\my-app\node_modules\next\dist\server\lib\start-server.js:225:13)\n\n2026-08-27T16:00:59.667Z\nAPIError: Please verify your email before signing in.
    at C:\Users\Prince\Desktop\Provia\Provia\my-app\.next\dev\server\chunks\[root-of-the-server]__0am3czj._.js:204:15
    at process.processTicksAndRejections (node:internal/process/task_queues:103:5)
    at async C:\Users\Prince\Desktop\Provia\Provia\my-app\.next\dev\server\chunks\[root-of-the-server]__0dqy24f._.js:179:30
    at async AppRouteRouteModule.do (C:\Users\Prince\Desktop\Provia\Provia\my-app\node_modules\next\dist\compiled\next-server\app-route-turbo.runtime.dev.js:5:42793)
    at async AppRouteRouteModule.handle (C:\Users\Prince\Desktop\Provia\Provia\my-app\node_modules\next\dist\compiled\next-server\app-route-turbo.runtime.dev.js:5:50547)
    at async responseGenerator (C:\Users\Prince\Desktop\Provia\Provia\my-app\.next\dev\server\chunks\node_modules_next_0i8t03v._.js:4709:30)
    at async AppRouteRouteModule.handleResponse (C:\Users\Prince\Desktop\Provia\Provia\my-app\node_modules\next\dist\compiled\next-server\app-route-turbo.runtime.dev.js:1:250160)
    at async handleResponse (C:\Users\Prince\Desktop\Provia\Provia\my-app\.next\dev\server\chunks\node_modules_next_0i8t03v._.js:4781:32)
    at async Module.handler (C:\Users\Prince\Desktop\Provia\Provia\my-app\.next\dev\server\chunks\node_modules_next_0i8t03v._.js:4901:9)
    at async DevServer.renderToResponseWithComponentsImpl (C:\Users\Prince\Desktop\Provia\Provia\my-app\node_modules\next\dist\server\base-server.js:1537:9)
    at async DevServer.renderPageComponent (C:\Users\Prince\Desktop\Provia\Provia\my-app\node_modules\next\dist\server\base-server.js:1589:24)
    at async DevServer.renderToResponseImpl (C:\Users\Prince\Desktop\Provia\Provia\my-app\node_modules\next\dist\server\base-server.js:1639:32)
    at async DevServer.pipeImpl (C:\Users\Prince\Desktop\Provia\Provia\my-app\node_modules\next\dist\server\base-server.js:1088:25)
    at async NextNodeServer.handleCatchallRenderRequest (C:\Users\Prince\Desktop\Provia\Provia\my-app\node_modules\next\dist\server\next-server.js:338:17)
    at async DevServer.handleRequestImpl (C:\Users\Prince\Desktop\Provia\Provia\my-app\node_modules\next\dist\server\base-server.js:979:17)
    at async C:\Users\Prince\Desktop\Provia\Provia\my-app\node_modules\next\dist\server\dev\next-dev-server.js:426:20
    at async Span.traceAsyncFn (C:\Users\Prince\Desktop\Provia\Provia\my-app\node_modules\next\dist\trace\trace.js:164:20)
    at async DevServer.handleRequest (C:\Users\Prince\Desktop\Provia\Provia\my-app\node_modules\next\dist\server\dev\next-dev-server.js:422:24)
    at async invokeRender (C:\Users\Prince\Desktop\Provia\Provia\my-app\node_modules\next\dist\server\lib\router-server.js:306:21)
    at async handleRequest (C:\Users\Prince\Desktop\Provia\Provia\my-app\node_modules\next\dist\server\lib\router-server.js:508:24)
    at async requestHandlerImpl (C:\Users\Prince\Desktop\Provia\Provia\my-app\node_modules\next\dist\server\lib\router-server.js:565:13)
    at async Server.requestListener (C:\Users\Prince\Desktop\Provia\Provia\my-app\node_modules\next\dist\server\lib\start-server.js:225:13)\n\n2026-08-29T12:18:46.520Z\nUnauthorizedError: Not authenticated
    at C:\Users\Prince\Desktop\Provia\Provia\my-app\.next\dev\server\chunks\[root-of-the-server]__0dqy24f._.js:92:15
    at async C:\Users\Prince\Desktop\Provia\Provia\my-app\.next\dev\server\chunks\[root-of-the-server]__0dqy24f._.js:179:30
    at async AppRouteRouteModule.do (C:\Users\Prince\Desktop\Provia\Provia\my-app\node_modules\next\dist\compiled\next-server\app-route-turbo.runtime.dev.js:5:42793)
    at async AppRouteRouteModule.handle (C:\Users\Prince\Desktop\Provia\Provia\my-app\node_modules\next\dist\compiled\next-server\app-route-turbo.runtime.dev.js:5:50547)
    at async responseGenerator (C:\Users\Prince\Desktop\Provia\Provia\my-app\.next\dev\server\chunks\node_modules_next_0tyj8lk._.js:4709:30)
    at async AppRouteRouteModule.handleResponse (C:\Users\Prince\Desktop\Provia\Provia\my-app\node_modules\next\dist\compiled\next-server\app-route-turbo.runtime.dev.js:1:250160)
    at async handleResponse (C:\Users\Prince\Desktop\Provia\Provia\my-app\.next\dev\server\chunks\node_modules_next_0tyj8lk._.js:4781:32)
    at async Module.handler (C:\Users\Prince\Desktop\Provia\Provia\my-app\.next\dev\server\chunks\node_modules_next_0tyj8lk._.js:4901:9)
    at async DevServer.renderToResponseWithComponentsImpl (C:\Users\Prince\Desktop\Provia\Provia\my-app\node_modules\next\dist\server\base-server.js:1537:9)
    at async DevServer.renderPageComponent (C:\Users\Prince\Desktop\Provia\Provia\my-app\node_modules\next\dist\server\base-server.js:1589:24)
    at async DevServer.renderToResponseImpl (C:\Users\Prince\Desktop\Provia\Provia\my-app\node_modules\next\dist\server\base-server.js:1639:32)
    at async DevServer.pipeImpl (C:\Users\Prince\Desktop\Provia\Provia\my-app\node_modules\next\dist\server\base-server.js:1088:25)
    at async NextNodeServer.handleCatchallRenderRequest (C:\Users\Prince\Desktop\Provia\Provia\my-app\node_modules\next\dist\server\next-server.js:338:17)
    at async DevServer.handleRequestImpl (C:\Users\Prince\Desktop\Provia\Provia\my-app\node_modules\next\dist\server\base-server.js:979:17)
    at async C:\Users\Prince\Desktop\Provia\Provia\my-app\node_modules\next\dist\server\dev\next-dev-server.js:426:20
    at async Span.traceAsyncFn (C:\Users\Prince\Desktop\Provia\Provia\my-app\node_modules\next\dist\trace\trace.js:164:20)
    at async DevServer.handleRequest (C:\Users\Prince\Desktop\Provia\Provia\my-app\node_modules\next\dist\server\dev\next-dev-server.js:422:24)
    at async invokeRender (C:\Users\Prince\Desktop\Provia\Provia\my-app\node_modules\next\dist\server\lib\router-server.js:306:21)
    at async handleRequest (C:\Users\Prince\Desktop\Provia\Provia\my-app\node_modules\next\dist\server\lib\router-server.js:508:24)
    at async requestHandlerImpl (C:\Users\Prince\Desktop\Provia\Provia\my-app\node_modules\next\dist\server\lib\router-server.js:565:13)
    at async Server.requestListener (C:\Users\Prince\Desktop\Provia\Provia\my-app\node_modules\next\dist\server\lib\start-server.js:225:13)\n\n2026-08-29T12:18:53.052Z\nUnauthorizedError: Not authenticated
    at C:\Users\Prince\Desktop\Provia\Provia\my-app\.next\dev\server\chunks\[root-of-the-server]__0dqy24f._.js:92:15
    at async C:\Users\Prince\Desktop\Provia\Provia\my-app\.next\dev\server\chunks\[root-of-the-server]__0dqy24f._.js:179:30
    at async AppRouteRouteModule.do (C:\Users\Prince\Desktop\Provia\Provia\my-app\node_modules\next\dist\compiled\next-server\app-route-turbo.runtime.dev.js:5:42793)
    at async AppRouteRouteModule.handle (C:\Users\Prince\Desktop\Provia\Provia\my-app\node_modules\next\dist\compiled\next-server\app-route-turbo.runtime.dev.js:5:50547)
    at async responseGenerator (C:\Users\Prince\Desktop\Provia\Provia\my-app\.next\dev\server\chunks\node_modules_next_0tyj8lk._.js:4709:30)
    at async AppRouteRouteModule.handleResponse (C:\Users\Prince\Desktop\Provia\Provia\my-app\node_modules\next\dist\compiled\next-server\app-route-turbo.runtime.dev.js:1:250160)
    at async handleResponse (C:\Users\Prince\Desktop\Provia\Provia\my-app\.next\dev\server\chunks\node_modules_next_0tyj8lk._.js:4781:32)
    at async Module.handler (C:\Users\Prince\Desktop\Provia\Provia\my-app\.next\dev\server\chunks\node_modules_next_0tyj8lk._.js:4901:9)
    at async DevServer.renderToResponseWithComponentsImpl (C:\Users\Prince\Desktop\Provia\Provia\my-app\node_modules\next\dist\server\base-server.js:1537:9)
    at async DevServer.renderPageComponent (C:\Users\Prince\Desktop\Provia\Provia\my-app\node_modules\next\dist\server\base-server.js:1589:24)
    at async DevServer.renderToResponseImpl (C:\Users\Prince\Desktop\Provia\Provia\my-app\node_modules\next\dist\server\base-server.js:1639:32)
    at async DevServer.pipeImpl (C:\Users\Prince\Desktop\Provia\Provia\my-app\node_modules\next\dist\server\base-server.js:1088:25)
    at async NextNodeServer.handleCatchallRenderRequest (C:\Users\Prince\Desktop\Provia\Provia\my-app\node_modules\next\dist\server\next-server.js:338:17)
    at async DevServer.handleRequestImpl (C:\Users\Prince\Desktop\Provia\Provia\my-app\node_modules\next\dist\server\base-server.js:979:17)
    at async C:\Users\Prince\Desktop\Provia\Provia\my-app\node_modules\next\dist\server\dev\next-dev-server.js:426:20
    at async Span.traceAsyncFn (C:\Users\Prince\Desktop\Provia\Provia\my-app\node_modules\next\dist\trace\trace.js:164:20)
    at async DevServer.handleRequest (C:\Users\Prince\Desktop\Provia\Provia\my-app\node_modules\next\dist\server\dev\next-dev-server.js:422:24)
    at async invokeRender (C:\Users\Prince\Desktop\Provia\Provia\my-app\node_modules\next\dist\server\lib\router-server.js:306:21)
    at async handleRequest (C:\Users\Prince\Desktop\Provia\Provia\my-app\node_modules\next\dist\server\lib\router-server.js:508:24)
    at async requestHandlerImpl (C:\Users\Prince\Desktop\Provia\Provia\my-app\node_modules\next\dist\server\lib\router-server.js:565:13)
    at async Server.requestListener (C:\Users\Prince\Desktop\Provia\Provia\my-app\node_modules\next\dist\server\lib\start-server.js:225:13)\n\n2026-08-29T12:24:46.533Z\nUnauthorizedError: Not authenticated
    at C:\Users\Prince\Desktop\Provia\Provia\my-app\.next\dev\server\chunks\[root-of-the-server]__0dqy24f._.js:92:15
    at async C:\Users\Prince\Desktop\Provia\Provia\my-app\.next\dev\server\chunks\[root-of-the-server]__0dqy24f._.js:179:30
    at async AppRouteRouteModule.do (C:\Users\Prince\Desktop\Provia\Provia\my-app\node_modules\next\dist\compiled\next-server\app-route-turbo.runtime.dev.js:5:42793)
    at async AppRouteRouteModule.handle (C:\Users\Prince\Desktop\Provia\Provia\my-app\node_modules\next\dist\compiled\next-server\app-route-turbo.runtime.dev.js:5:50547)
    at async responseGenerator (C:\Users\Prince\Desktop\Provia\Provia\my-app\.next\dev\server\chunks\node_modules_next_0tyj8lk._.js:4709:30)
    at async AppRouteRouteModule.handleResponse (C:\Users\Prince\Desktop\Provia\Provia\my-app\node_modules\next\dist\compiled\next-server\app-route-turbo.runtime.dev.js:1:250160)
    at async handleResponse (C:\Users\Prince\Desktop\Provia\Provia\my-app\.next\dev\server\chunks\node_modules_next_0tyj8lk._.js:4781:32)
    at async Module.handler (C:\Users\Prince\Desktop\Provia\Provia\my-app\.next\dev\server\chunks\node_modules_next_0tyj8lk._.js:4901:9)
    at async DevServer.renderToResponseWithComponentsImpl (C:\Users\Prince\Desktop\Provia\Provia\my-app\node_modules\next\dist\server\base-server.js:1537:9)
    at async DevServer.renderPageComponent (C:\Users\Prince\Desktop\Provia\Provia\my-app\node_modules\next\dist\server\base-server.js:1589:24)
    at async DevServer.renderToResponseImpl (C:\Users\Prince\Desktop\Provia\Provia\my-app\node_modules\next\dist\server\base-server.js:1639:32)
    at async DevServer.pipeImpl (C:\Users\Prince\Desktop\Provia\Provia\my-app\node_modules\next\dist\server\base-server.js:1088:25)
    at async NextNodeServer.handleCatchallRenderRequest (C:\Users\Prince\Desktop\Provia\Provia\my-app\node_modules\next\dist\server\next-server.js:338:17)
    at async DevServer.handleRequestImpl (C:\Users\Prince\Desktop\Provia\Provia\my-app\node_modules\next\dist\server\base-server.js:979:17)
    at async C:\Users\Prince\Desktop\Provia\Provia\my-app\node_modules\next\dist\server\dev\next-dev-server.js:426:20
    at async Span.traceAsyncFn (C:\Users\Prince\Desktop\Provia\Provia\my-app\node_modules\next\dist\trace\trace.js:164:20)
    at async DevServer.handleRequest (C:\Users\Prince\Desktop\Provia\Provia\my-app\node_modules\next\dist\server\dev\next-dev-server.js:422:24)
    at async invokeRender (C:\Users\Prince\Desktop\Provia\Provia\my-app\node_modules\next\dist\server\lib\router-server.js:306:21)
    at async handleRequest (C:\Users\Prince\Desktop\Provia\Provia\my-app\node_modules\next\dist\server\lib\router-server.js:508:24)
    at async requestHandlerImpl (C:\Users\Prince\Desktop\Provia\Provia\my-app\node_modules\next\dist\server\lib\router-server.js:565:13)
    at async Server.requestListener (C:\Users\Prince\Desktop\Provia\Provia\my-app\node_modules\next\dist\server\lib\start-server.js:225:13)\n\n2026-08-29T12:24:47.320Z\nUnauthorizedError: Not authenticated
    at C:\Users\Prince\Desktop\Provia\Provia\my-app\.next\dev\server\chunks\[root-of-the-server]__0dqy24f._.js:92:15
    at async C:\Users\Prince\Desktop\Provia\Provia\my-app\.next\dev\server\chunks\[root-of-the-server]__0dqy24f._.js:179:30
    at async AppRouteRouteModule.do (C:\Users\Prince\Desktop\Provia\Provia\my-app\node_modules\next\dist\compiled\next-server\app-route-turbo.runtime.dev.js:5:42793)
    at async AppRouteRouteModule.handle (C:\Users\Prince\Desktop\Provia\Provia\my-app\node_modules\next\dist\compiled\next-server\app-route-turbo.runtime.dev.js:5:50547)
    at async responseGenerator (C:\Users\Prince\Desktop\Provia\Provia\my-app\.next\dev\server\chunks\node_modules_next_0tyj8lk._.js:4709:30)
    at async AppRouteRouteModule.handleResponse (C:\Users\Prince\Desktop\Provia\Provia\my-app\node_modules\next\dist\compiled\next-server\app-route-turbo.runtime.dev.js:1:250160)
    at async handleResponse (C:\Users\Prince\Desktop\Provia\Provia\my-app\.next\dev\server\chunks\node_modules_next_0tyj8lk._.js:4781:32)
    at async Module.handler (C:\Users\Prince\Desktop\Provia\Provia\my-app\.next\dev\server\chunks\node_modules_next_0tyj8lk._.js:4901:9)
    at async DevServer.renderToResponseWithComponentsImpl (C:\Users\Prince\Desktop\Provia\Provia\my-app\node_modules\next\dist\server\base-server.js:1537:9)
    at async DevServer.renderPageComponent (C:\Users\Prince\Desktop\Provia\Provia\my-app\node_modules\next\dist\server\base-server.js:1589:24)
    at async DevServer.renderToResponseImpl (C:\Users\Prince\Desktop\Provia\Provia\my-app\node_modules\next\dist\server\base-server.js:1639:32)
    at async DevServer.pipeImpl (C:\Users\Prince\Desktop\Provia\Provia\my-app\node_modules\next\dist\server\base-server.js:1088:25)
    at async NextNodeServer.handleCatchallRenderRequest (C:\Users\Prince\Desktop\Provia\Provia\my-app\node_modules\next\dist\server\next-server.js:338:17)
    at async DevServer.handleRequestImpl (C:\Users\Prince\Desktop\Provia\Provia\my-app\node_modules\next\dist\server\base-server.js:979:17)
    at async C:\Users\Prince\Desktop\Provia\Provia\my-app\node_modules\next\dist\server\dev\next-dev-server.js:426:20
    at async Span.traceAsyncFn (C:\Users\Prince\Desktop\Provia\Provia\my-app\node_modules\next\dist\trace\trace.js:164:20)
    at async DevServer.handleRequest (C:\Users\Prince\Desktop\Provia\Provia\my-app\node_modules\next\dist\server\dev\next-dev-server.js:422:24)
    at async invokeRender (C:\Users\Prince\Desktop\Provia\Provia\my-app\node_modules\next\dist\server\lib\router-server.js:306:21)
    at async handleRequest (C:\Users\Prince\Desktop\Provia\Provia\my-app\node_modules\next\dist\server\lib\router-server.js:508:24)
    at async requestHandlerImpl (C:\Users\Prince\Desktop\Provia\Provia\my-app\node_modules\next\dist\server\lib\router-server.js:565:13)
    at async Server.requestListener (C:\Users\Prince\Desktop\Provia\Provia\my-app\node_modules\next\dist\server\lib\start-server.js:225:13)\n\n